日期,页面名称,功能名称,细分,点击uv,曝光uv,点击率(%)
2025/5/21,我的课程页,个人中心功能点击,一对一课程,1,15,6.666666666666667
2025/6/10,我的课程页,个人中心功能点击,意见反馈,1,171,0.584795321637427
2025/6/30,我的课程页,个人中心功能点击,意见反馈,1,2093,0.047778308647874
2025/6/28,我的课程页,个人中心功能点击,意见反馈,6,3281,0.182871075891496
2025/6/27,我的课程页,个人中心功能点击,意见反馈,11,3899,0.282123621441395
2025/6/14,我的课程页,个人中心功能点击,意见反馈,14,3515,0.398293029871977
2025/6/23,我的课程页,个人中心功能点击,意见反馈,1,1836,0.054466230936819
2025/5/21,我的课程页,个人中心功能点击,意见反馈,1,15,6.666666666666667
2025/6/4,我的课程页,个人中心功能点击,意见反馈,1,81,1.234567901234568
2025/6/7,我的课程页,个人中心功能点击,意见反馈,3,963,0.311526479750779
2025/6/21,我的课程页,个人中心功能点击,意见反馈,15,5126,0.292625829106516
2025/6/8,我的课程页,个人中心功能点击,意见反馈,1,592,0.168918918918919
2025/6/24,我的课程页,个人中心功能点击,意见反馈,2,1068,0.187265917602996
2025/6/20,我的课程页,个人中心功能点击,意见反馈,2,3663,0.054600054600055
2025/6/18,我的课程页,个人中心功能点击,意见反馈,2,859,0.232828870779977
2025/5/30,我的课程页,个人中心功能点击,意见反馈,1,95,1.052631578947368
2025/5/22,我的课程页,个人中心功能点击,意见反馈,1,8,12.500000000000000
2025/6/17,我的课程页,个人中心功能点击,意见反馈,1,740,0.135135135135135
2025/6/13,我的课程页,个人中心功能点击,意见反馈,2,2449,0.081665986116782
2025/6/19,我的课程页,个人中心功能点击,意见反馈,5,1460,0.342465753424658
2025/6/25,我的课程页,个人中心功能点击,意见反馈,2,1023,0.195503421309873
2025/6/5,我的课程页,个人中心功能点击,意见反馈,1,86,1.162790697674419
2025/6/29,我的课程页,个人中心功能点击,意见反馈,2,1583,0.126342387871131
2025/6/22,我的课程页,个人中心功能点击,意见反馈,8,2054,0.389483933787731
2025/6/26,我的课程页,个人中心功能点击,意见反馈,3,1391,0.215672178289001
2025/6/16,我的课程页,个人中心功能点击,意见反馈,1,918,0.108932461873638
2025/7/2,我的课程页,个人中心功能点击,意见反馈,2,888,0.225225225225225
2025/6/15,我的课程页,个人中心功能点击,意见反馈,3,1951,0.153767298821117
2025/7/1,我的课程页,个人中心功能点击,意见反馈,1,986,0.101419878296146
2025/5/31,我的课程页,个人中心功能点击,检查更新,1,95,1.052631578947368
2025/6/19,我的课程页,个人中心功能点击,检查更新,5,1460,0.342465753424658
2025/6/21,我的课程页,个人中心功能点击,检查更新,34,5126,0.663285212641436
2025/6/20,我的课程页,个人中心功能点击,检查更新,12,3663,0.327600327600328
2025/6/30,我的课程页,个人中心功能点击,检查更新,10,2093,0.477783086478739
2025/7/1,我的课程页,个人中心功能点击,检查更新,5,986,0.507099391480730
2025/6/29,我的课程页,个人中心功能点击,检查更新,15,1583,0.947567909033481
2025/6/7,我的课程页,个人中心功能点击,检查更新,12,963,1.246105919003115
2025/6/28,我的课程页,个人中心功能点击,检查更新,26,3281,0.792441328863151
2025/5/22,我的课程页,个人中心功能点击,检查更新,2,8,25.000000000000000
2025/6/14,我的课程页,个人中心功能点击,检查更新,41,3515,1.166429587482219
2025/6/27,我的课程页,个人中心功能点击,检查更新,26,3899,0.666837650679661
2025/5/23,我的课程页,个人中心功能点击,检查更新,1,4,25.000000000000000
2025/6/15,我的课程页,个人中心功能点击,检查更新,18,1951,0.922603792926704
2025/6/6,我的课程页,个人中心功能点击,检查更新,4,606,0.660066006600660
2025/6/26,我的课程页,个人中心功能点击,检查更新,8,1391,0.575125808770669
2025/6/9,我的课程页,个人中心功能点击,检查更新,3,201,1.492537313432836
2025/7/2,我的课程页,个人中心功能点击,检查更新,5,888,0.563063063063063
2025/6/5,我的课程页,个人中心功能点击,检查更新,2,86,2.325581395348837
2025/6/25,我的课程页,个人中心功能点击,检查更新,5,1023,0.488758553274682
2025/6/10,我的课程页,个人中心功能点击,检查更新,1,171,0.584795321637427
2025/5/26,我的课程页,个人中心功能点击,检查更新,1,16,6.250000000000000
2025/6/16,我的课程页,个人中心功能点击,检查更新,3,918,0.326797385620915
2025/6/17,我的课程页,个人中心功能点击,检查更新,5,740,0.675675675675676
2025/6/24,我的课程页,个人中心功能点击,检查更新,12,1068,1.123595505617978
2025/5/21,我的课程页,个人中心功能点击,检查更新,3,15,20.000000000000000
2025/6/8,我的课程页,个人中心功能点击,检查更新,2,592,0.337837837837838
2025/6/4,我的课程页,个人中心功能点击,检查更新,3,81,3.703703703703704
2025/6/23,我的课程页,个人中心功能点击,检查更新,11,1836,0.599128540305011
2025/6/3,我的课程页,个人中心功能点击,检查更新,1,15,6.666666666666667
2025/6/22,我的课程页,个人中心功能点击,检查更新,14,2054,0.681596884128530
2025/6/18,我的课程页,个人中心功能点击,检查更新,9,859,1.047729918509895
2025/6/13,我的课程页,个人中心功能点击,检查更新,27,2449,1.102490812576562
2025/5/30,我的课程页,个人中心功能点击,清除缓存,1,95,1.052631578947368
2025/6/28,我的课程页,个人中心功能点击,清除缓存,22,3281,0.670527278268820
2025/6/22,我的课程页,个人中心功能点击,清除缓存,13,2054,0.632911392405063
2025/6/15,我的课程页,个人中心功能点击,清除缓存,19,1951,0.973859559200410
2025/6/5,我的课程页,个人中心功能点击,清除缓存,1,86,1.162790697674419
2025/5/31,我的课程页,个人中心功能点击,清除缓存,1,95,1.052631578947368
2025/6/23,我的课程页,个人中心功能点击,清除缓存,9,1836,0.490196078431373
2025/6/26,我的课程页,个人中心功能点击,清除缓存,6,1391,0.431344356578001
2025/6/13,我的课程页,个人中心功能点击,清除缓存,19,2449,0.775826868109432
2025/6/4,我的课程页,个人中心功能点击,清除缓存,1,81,1.234567901234568
2025/5/21,我的课程页,个人中心功能点击,清除缓存,1,15,6.666666666666667
2025/6/19,我的课程页,个人中心功能点击,清除缓存,7,1460,0.479452054794521
2025/6/24,我的课程页,个人中心功能点击,清除缓存,7,1068,0.655430711610487
2025/6/29,我的课程页,个人中心功能点击,清除缓存,13,1583,0.821225521162350
2025/6/12,我的课程页,个人中心功能点击,清除缓存,2,205,0.975609756097561
2025/6/14,我的课程页,个人中心功能点击,清除缓存,45,3515,1.280227596017070
2025/6/25,我的课程页,个人中心功能点击,清除缓存,6,1023,0.586510263929619
2025/6/9,我的课程页,个人中心功能点击,清除缓存,1,201,0.497512437810945
2025/6/30,我的课程页,个人中心功能点击,清除缓存,8,2093,0.382226469182991
2025/6/16,我的课程页,个人中心功能点击,清除缓存,4,918,0.435729847494553
2025/5/22,我的课程页,个人中心功能点击,清除缓存,1,8,12.500000000000000
2025/6/20,我的课程页,个人中心功能点击,清除缓存,12,3663,0.327600327600328
2025/6/17,我的课程页,个人中心功能点击,清除缓存,7,740,0.945945945945946
2025/6/10,我的课程页,个人中心功能点击,清除缓存,2,171,1.169590643274854
2025/6/7,我的课程页,个人中心功能点击,清除缓存,11,963,1.142263759086189
2025/7/2,我的课程页,个人中心功能点击,清除缓存,5,888,0.563063063063063
2025/6/27,我的课程页,个人中心功能点击,清除缓存,19,3899,0.487304437035137
2025/6/21,我的课程页,个人中心功能点击,清除缓存,34,5126,0.663285212641436
2025/6/6,我的课程页,个人中心功能点击,清除缓存,2,606,0.330033003300330
2025/6/3,我的课程页,个人中心功能点击,清除缓存,1,15,6.666666666666667
2025/6/18,我的课程页,个人中心功能点击,清除缓存,6,859,0.698486612339930
2025/6/8,我的课程页,个人中心功能点击,清除缓存,2,592,0.337837837837838
2025/6/11,我的课程页,个人中心功能点击,设置,1,172,0.581395348837209
2025/6/22,我的课程页,个人中心功能点击,设置,40,2054,1.947419668938656
2025/6/15,我的课程页,个人中心功能点击,设置,42,1951,2.152742183495643
2025/6/14,我的课程页,个人中心功能点击,设置,95,3515,2.702702702702703
2025/6/13,我的课程页,个人中心功能点击,设置,58,2449,2.368313597386688
2025/6/26,我的课程页,个人中心功能点击,设置,9,1391,0.647016534867002
2025/6/10,我的课程页,个人中心功能点击,设置,3,171,1.754385964912281
2025/6/23,我的课程页,个人中心功能点击,设置,17,1836,0.925925925925926
2025/6/29,我的课程页,个人中心功能点击,设置,36,1583,2.274162981680354
2025/6/16,我的课程页,个人中心功能点击,设置,12,918,1.307189542483660
2025/6/17,我的课程页,个人中心功能点击,设置,14,740,1.891891891891892
2025/6/25,我的课程页,个人中心功能点击,设置,14,1023,1.368523949169110
2025/7/1,我的课程页,个人中心功能点击,设置,19,986,1.926977687626775
2025/5/31,我的课程页,个人中心功能点击,设置,1,95,1.052631578947368
2025/6/24,我的课程页,个人中心功能点击,设置,14,1068,1.310861423220974
2025/6/5,我的课程页,个人中心功能点击,设置,2,86,2.325581395348837
2025/6/18,我的课程页,个人中心功能点击,设置,20,859,2.328288707799767
2025/6/3,我的课程页,个人中心功能点击,设置,1,15,6.666666666666667
2025/5/30,我的课程页,个人中心功能点击,设置,1,95,1.052631578947368
2025/6/1,我的课程页,个人中心功能点击,设置,1,76,1.315789473684211
2025/6/2,我的课程页,个人中心功能点击,设置,1,46,2.173913043478261
2025/6/20,我的课程页,个人中心功能点击,设置,45,3663,1.228501228501229
2025/5/21,我的课程页,个人中心功能点击,设置,3,15,20.000000000000000
2025/7/2,我的课程页,个人中心功能点击,设置,18,888,2.027027027027027
2025/6/19,我的课程页,个人中心功能点击,设置,17,1460,1.164383561643836
2025/5/22,我的课程页,个人中心功能点击,设置,2,8,25.000000000000000
2025/6/7,我的课程页,个人中心功能点击,设置,23,963,2.388369678089304
2025/5/23,我的课程页,个人中心功能点击,设置,1,4,25.000000000000000
2025/6/9,我的课程页,个人中心功能点击,设置,1,201,0.497512437810945
2025/6/27,我的课程页,个人中心功能点击,设置,45,3899,1.154142087714799
2025/6/21,我的课程页,个人中心功能点击,设置,99,5126,1.931330472103004
2025/6/8,我的课程页,个人中心功能点击,设置,13,592,2.195945945945946
2025/6/30,我的课程页,个人中心功能点击,设置,18,2093,0.860009555661730
2025/6/6,我的课程页,个人中心功能点击,设置,10,606,1.650165016501650
2025/6/28,我的课程页,个人中心功能点击,设置,66,3281,2.011581834806461
2025/6/4,我的课程页,个人中心功能点击,设置,4,81,4.938271604938272
2025/6/11,我的课程页,个人中心功能点击,退出登录,2,172,1.162790697674419
2025/6/9,我的课程页,个人中心功能点击,退出登录,2,201,0.995024875621891
2025/6/10,我的课程页,个人中心功能点击,退出登录,3,171,1.754385964912281
2025/6/29,我的课程页,个人中心功能点击,退出登录,18,1583,1.137081490840177
2025/5/22,我的课程页,个人中心功能点击,退出登录,3,8,37.500000000000000
2025/6/28,我的课程页,个人中心功能点击,退出登录,17,3281,0.518134715025907
2025/6/27,我的课程页,个人中心功能点击,退出登录,20,3899,0.512952038984355
2025/5/23,我的课程页,个人中心功能点击,退出登录,2,4,50.000000000000000
2025/6/26,我的课程页,个人中心功能点击,退出登录,8,1391,0.575125808770669
2025/7/2,我的课程页,个人中心功能点击,退出登录,4,888,0.450450450450450
2025/5/26,我的课程页,个人中心功能点击,退出登录,8,16,50.000000000000000
2025/6/30,我的课程页,个人中心功能点击,退出登录,5,2093,0.238891543239369
2025/6/25,我的课程页,个人中心功能点击,退出登录,7,1023,0.684261974584555
2025/6/24,我的课程页,个人中心功能点击,退出登录,4,1068,0.374531835205993
2025/5/21,我的课程页,个人中心功能点击,退出登录,14,15,93.333333333333333
2025/6/23,我的课程页,个人中心功能点击,退出登录,4,1836,0.217864923747277
2025/6/22,我的课程页,个人中心功能点击,退出登录,27,2054,1.314508276533593
2025/6/21,我的课程页,个人中心功能点击,退出登录,30,5126,0.585251658213032
2025/6/20,我的课程页,个人中心功能点击,退出登录,20,3663,0.546000546000546
2025/6/19,我的课程页,个人中心功能点击,退出登录,8,1460,0.547945205479452
2025/7/1,我的课程页,个人中心功能点击,退出登录,6,986,0.608519269776876
2025/6/4,我的课程页,个人中心功能点击,退出登录,3,81,3.703703703703704
2025/6/18,我的课程页,个人中心功能点击,退出登录,6,859,0.698486612339930
2025/6/17,我的课程页,个人中心功能点击,退出登录,2,740,0.270270270270270
2025/6/16,我的课程页,个人中心功能点击,退出登录,1,918,0.108932461873638
2025/6/6,我的课程页,个人中心功能点击,退出登录,2,606,0.330033003300330
2025/6/15,我的课程页,个人中心功能点击,退出登录,15,1951,0.768836494105587
2025/6/14,我的课程页,个人中心功能点击,退出登录,26,3515,0.739687055476529
2025/6/7,我的课程页,个人中心功能点击,退出登录,8,963,0.830737279335410
2025/6/13,我的课程页,个人中心功能点击,退出登录,11,2449,0.449162923642303
2025/6/12,我的课程页,个人中心功能点击,退出登录,3,205,1.463414634146341
2025/6/8,我的课程页,个人中心功能点击,退出登录,7,592,1.182432432432432
2025/5/31,我的课程页,个人中心功能点击,金币商城,4,95,4.210526315789474
2025/5/22,我的课程页,个人中心功能点击,金币商城,1,8,12.500000000000000
2025/6/12,我的课程页,个人中心功能点击,金币商城,10,205,4.878048780487805
2025/5/29,我的课程页,个人中心功能点击,金币商城,2,11,18.181818181818182
2025/6/28,我的课程页,个人中心功能点击,金币商城,173,3281,5.272782688204816
2025/6/17,我的课程页,个人中心功能点击,金币商城,40,740,5.405405405405405
2025/6/25,我的课程页,个人中心功能点击,金币商城,37,1023,3.616813294232649
2025/6/14,我的课程页,个人中心功能点击,金币商城,240,3515,6.827880512091038
2025/5/30,我的课程页,个人中心功能点击,金币商城,3,95,3.157894736842105
2025/6/27,我的课程页,个人中心功能点击,金币商城,181,3899,4.642215952808412
2025/6/15,我的课程页,个人中心功能点击,金币商城,96,1951,4.920553562275756
2025/6/13,我的课程页,个人中心功能点击,金币商城,138,2449,5.634953042057983
2025/6/8,我的课程页,个人中心功能点击,金币商城,34,592,5.743243243243243
2025/6/10,我的课程页,个人中心功能点击,金币商城,8,171,4.678362573099415
2025/6/11,我的课程页,个人中心功能点击,金币商城,6,172,3.488372093023256
2025/6/26,我的课程页,个人中心功能点击,金币商城,47,1391,3.378864126527678
2025/6/1,我的课程页,个人中心功能点击,金币商城,4,76,5.263157894736842
2025/6/5,我的课程页,个人中心功能点击,金币商城,8,86,9.302325581395349
2025/7/2,我的课程页,个人中心功能点击,金币商城,37,888,4.166666666666667
2025/6/16,我的课程页,个人中心功能点击,金币商城,42,918,4.575163398692810
2025/6/21,我的课程页,个人中心功能点击,金币商城,265,5126,5.169722980881779
2025/6/6,我的课程页,个人中心功能点击,金币商城,24,606,3.960396039603960
2025/6/23,我的课程页,个人中心功能点击,金币商城,61,1836,3.322440087145969
2025/6/2,我的课程页,个人中心功能点击,金币商城,2,46,4.347826086956522
2025/6/4,我的课程页,个人中心功能点击,金币商城,8,81,9.876543209876543
2025/7/1,我的课程页,个人中心功能点击,金币商城,38,986,3.853955375253550
2025/6/20,我的课程页,个人中心功能点击,金币商城,137,3663,3.740103740103740
2025/6/7,我的课程页,个人中心功能点击,金币商城,60,963,6.230529595015576
2025/6/19,我的课程页,个人中心功能点击,金币商城,60,1460,4.109589041095890
2025/6/18,我的课程页,个人中心功能点击,金币商城,47,859,5.471478463329453
2025/5/21,我的课程页,个人中心功能点击,金币商城,3,15,20.000000000000000
2025/6/3,我的课程页,个人中心功能点击,金币商城,1,15,6.666666666666667
2025/6/22,我的课程页,个人中心功能点击,金币商城,109,2054,5.306718597857838
2025/6/29,我的课程页,个人中心功能点击,金币商城,80,1583,5.053695514845231
2025/6/9,我的课程页,个人中心功能点击,金币商城,6,201,2.985074626865672
2025/6/24,我的课程页,个人中心功能点击,金币商城,44,1068,4.119850187265918
2025/6/30,我的课程页,个人中心功能点击,金币商城,68,2093,3.248924988055423
2025/6/2,我的课程页,班课卡片点击,"直播:否, 待办:无",7,46,15.217391304347826
2025/6/22,我的课程页,班课卡片点击,"直播:否, 待办:无",357,2054,17.380720545277507
2025/6/1,我的课程页,班课卡片点击,"直播:否, 待办:无",16,76,21.052631578947368
2025/6/3,我的课程页,班课卡片点击,"直播:否, 待办:无",4,15,26.666666666666667
2025/6/19,我的课程页,班课卡片点击,"直播:否, 待办:无",221,1460,15.136986301369863
2025/5/31,我的课程页,班课卡片点击,"直播:否, 待办:无",26,95,27.368421052631579
2025/6/23,我的课程页,班课卡片点击,"直播:否, 待办:无",404,1836,22.004357298474946
2025/6/4,我的课程页,班课卡片点击,"直播:否, 待办:无",20,81,24.691358024691358
2025/5/30,我的课程页,班课卡片点击,"直播:否, 待办:无",11,95,11.578947368421053
2025/6/8,我的课程页,班课卡片点击,"直播:否, 待办:无",117,592,19.763513513513514
2025/5/21,我的课程页,班课卡片点击,"直播:否, 待办:无",8,15,53.333333333333333
2025/5/20,我的课程页,班课卡片点击,"直播:否, 待办:无",2,3,66.666666666666667
2025/7/1,我的课程页,班课卡片点击,"直播:否, 待办:无",282,986,28.600405679513185
2025/6/18,我的课程页,班课卡片点击,"直播:否, 待办:无",135,859,15.715948777648428
2025/6/24,我的课程页,班课卡片点击,"直播:否, 待办:无",194,1068,18.164794007490637
2025/5/29,我的课程页,班课卡片点击,"直播:否, 待办:无",1,11,9.090909090909091
2025/6/17,我的课程页,班课卡片点击,"直播:否, 待办:无",142,740,19.189189189189189
2025/6/5,我的课程页,班课卡片点击,"直播:否, 待办:无",20,86,23.255813953488372
2025/5/28,我的课程页,班课卡片点击,"直播:否, 待办:无",1,3,33.333333333333333
2025/6/30,我的课程页,班课卡片点击,"直播:否, 待办:无",377,2093,18.012422360248447
2025/6/25,我的课程页,班课卡片点击,"直播:否, 待办:无",188,1023,18.377321603128055
2025/6/16,我的课程页,班课卡片点击,"直播:否, 待办:无",106,918,11.546840958605664
2025/6/6,我的课程页,班课卡片点击,"直播:否, 待办:无",82,606,13.531353135313531
2025/5/26,我的课程页,班课卡片点击,"直播:否, 待办:无",6,16,37.500000000000000
2025/7/2,我的课程页,班课卡片点击,"直播:否, 待办:无",313,888,35.247747747747748
2025/6/26,我的课程页,班课卡片点击,"直播:否, 待办:无",268,1391,19.266714593817398
2025/6/12,我的课程页,班课卡片点击,"直播:否, 待办:无",49,205,23.902439024390244
2025/5/23,我的课程页,班课卡片点击,"直播:否, 待办:无",1,4,25.000000000000000
2025/6/15,我的课程页,班课卡片点击,"直播:否, 待办:无",247,1951,12.660174269605331
2025/6/27,我的课程页,班课卡片点击,"直播:否, 待办:无",786,3899,20.159015132085150
2025/5/22,我的课程页,班课卡片点击,"直播:否, 待办:无",5,8,62.500000000000000
2025/6/14,我的课程页,班课卡片点击,"直播:否, 待办:无",517,3515,14.708392603129445
2025/6/11,我的课程页,班课卡片点击,"直播:否, 待办:无",33,172,19.186046511627907
2025/6/28,我的课程页,班课卡片点击,"直播:否, 待办:无",958,3281,29.198415117342274
2025/6/13,我的课程页,班课卡片点击,"直播:否, 待办:无",311,2449,12.699060841159657
2025/6/7,我的课程页,班课卡片点击,"直播:否, 待办:无",191,963,19.833852544132918
2025/6/29,我的课程页,班课卡片点击,"直播:否, 待办:无",480,1583,30.322173089071383
2025/6/10,我的课程页,班课卡片点击,"直播:否, 待办:无",35,171,20.467836257309942
2025/6/20,我的课程页,班课卡片点击,"直播:否, 待办:无",405,3663,11.056511056511057
2025/6/21,我的课程页,班课卡片点击,"直播:否, 待办:无",654,5126,12.758486149044089
2025/6/9,我的课程页,班课卡片点击,"直播:否, 待办:无",42,201,20.895522388059701
2025/6/24,我的课程页,班课卡片点击,"直播:否, 待办:有",664,1068,62.172284644194757
2025/6/20,我的课程页,班课卡片点击,"直播:否, 待办:有",1762,3663,48.102648102648103
2025/6/14,我的课程页,班课卡片点击,"直播:否, 待办:有",2116,3515,60.199146514935989
2025/5/21,我的课程页,班课卡片点击,"直播:否, 待办:有",12,15,80.000000000000000
2025/5/31,我的课程页,班课卡片点击,"直播:否, 待办:有",49,95,51.578947368421053
2025/6/29,我的课程页,班课卡片点击,"直播:否, 待办:有",1023,1583,64.624131396083386
2025/6/28,我的课程页,班课卡片点击,"直播:否, 待办:有",1964,3281,59.859798841816519
2025/6/5,我的课程页,班课卡片点击,"直播:否, 待办:有",56,86,65.116279069767442
2025/7/1,我的课程页,班课卡片点击,"直播:否, 待办:有",646,986,65.517241379310345
2025/6/22,我的课程页,班课卡片点击,"直播:否, 待办:有",1377,2054,67.039922103213242
2025/7/2,我的课程页,班课卡片点击,"直播:否, 待办:有",566,888,63.738738738738739
2025/6/7,我的课程页,班课卡片点击,"直播:否, 待办:有",518,963,53.790238836967809
2025/6/17,我的课程页,班课卡片点击,"直播:否, 待办:有",391,740,52.837837837837838
2025/6/3,我的课程页,班课卡片点击,"直播:否, 待办:有",9,15,60.000000000000000
2025/5/29,我的课程页,班课卡片点击,"直播:否, 待办:有",8,11,72.727272727272727
2025/5/30,我的课程页,班课卡片点击,"直播:否, 待办:有",40,95,42.105263157894737
2025/6/13,我的课程页,班课卡片点击,"直播:否, 待办:有",1184,2449,48.346263781135157
2025/6/21,我的课程页,班课卡片点击,"直播:否, 待办:有",2915,5126,56.866952789699571
2025/6/19,我的课程页,班课卡片点击,"直播:否, 待办:有",653,1460,44.726027397260274
2025/5/22,我的课程页,班课卡片点击,"直播:否, 待办:有",5,8,62.500000000000000
2025/6/4,我的课程页,班课卡片点击,"直播:否, 待办:有",56,81,69.135802469135802
2025/6/8,我的课程页,班课卡片点击,"直播:否, 待办:有",310,592,52.364864864864865
2025/6/12,我的课程页,班课卡片点击,"直播:否, 待办:有",101,205,49.268292682926829
2025/6/11,我的课程页,班课卡片点击,"直播:否, 待办:有",89,172,51.744186046511628
2025/6/9,我的课程页,班课卡片点击,"直播:否, 待办:有",127,201,63.184079601990050
2025/6/18,我的课程页,班课卡片点击,"直播:否, 待办:有",425,859,49.476135040745052
2025/5/20,我的课程页,班课卡片点击,"直播:否, 待办:有",2,3,66.666666666666667
2025/5/26,我的课程页,班课卡片点击,"直播:否, 待办:有",10,16,62.500000000000000
2025/6/2,我的课程页,班课卡片点击,"直播:否, 待办:有",34,46,73.913043478260870
2025/6/10,我的课程页,班课卡片点击,"直播:否, 待办:有",92,171,53.801169590643275
2025/5/27,我的课程页,班课卡片点击,"直播:否, 待办:有",1,1,100.000000000000000
2025/6/26,我的课程页,班课卡片点击,"直播:否, 待办:有",756,1391,54.349388928828181
2025/6/30,我的课程页,班课卡片点击,"直播:否, 待办:有",1077,2093,51.457238413760153
2025/6/16,我的课程页,班课卡片点击,"直播:否, 待办:有",507,918,55.228758169934641
2025/6/23,我的课程页,班课卡片点击,"直播:否, 待办:有",1045,1836,56.917211328976035
2025/6/25,我的课程页,班课卡片点击,"直播:否, 待办:有",687,1023,67.155425219941349
2025/6/15,我的课程页,班课卡片点击,"直播:否, 待办:有",1086,1951,55.663762173244490
2025/5/23,我的课程页,班课卡片点击,"直播:否, 待办:有",2,4,50.000000000000000
2025/6/6,我的课程页,班课卡片点击,"直播:否, 待办:有",291,606,48.019801980198020
2025/6/1,我的课程页,班课卡片点击,"直播:否, 待办:有",51,76,67.105263157894737
2025/5/28,我的课程页,班课卡片点击,"直播:否, 待办:有",1,3,33.333333333333333
2025/6/27,我的课程页,班课卡片点击,"直播:否, 待办:有",2112,3899,54.167735316747884
2025/6/14,我的课程页,班课卡片点击,"直播:是, 待办:N/A",1632,3515,46.429587482219061
2025/7/1,我的课程页,班课卡片点击,"直播:是, 待办:N/A",86,986,8.722109533468560
2025/5/22,我的课程页,班课卡片点击,"直播:是, 待办:N/A",4,8,50.000000000000000
2025/5/23,我的课程页,班课卡片点击,"直播:是, 待办:N/A",1,4,25.000000000000000
2025/5/26,我的课程页,班课卡片点击,"直播:是, 待办:N/A",6,16,37.500000000000000
2025/5/28,我的课程页,班课卡片点击,"直播:是, 待办:N/A",1,3,33.333333333333333
2025/5/29,我的课程页,班课卡片点击,"直播:是, 待办:N/A",2,11,18.181818181818182
2025/5/30,我的课程页,班课卡片点击,"直播:是, 待办:N/A",63,95,66.315789473684211
2025/5/31,我的课程页,班课卡片点击,"直播:是, 待办:N/A",47,95,49.473684210526316
2025/6/1,我的课程页,班课卡片点击,"直播:是, 待办:N/A",17,76,22.368421052631579
2025/6/2,我的课程页,班课卡片点击,"直播:是, 待办:N/A",1,46,2.173913043478261
2025/6/3,我的课程页,班课卡片点击,"直播:是, 待办:N/A",2,15,13.333333333333333
2025/6/4,我的课程页,班课卡片点击,"直播:是, 待办:N/A",24,81,29.629629629629630
2025/6/5,我的课程页,班课卡片点击,"直播:是, 待办:N/A",13,86,15.116279069767442
2025/6/6,我的课程页,班课卡片点击,"直播:是, 待办:N/A",335,606,55.280528052805281
2025/6/7,我的课程页,班课卡片点击,"直播:是, 待办:N/A",401,963,41.640706126687435
2025/6/8,我的课程页,班课卡片点击,"直播:是, 待办:N/A",102,592,17.229729729729730
2025/6/9,我的课程页,班课卡片点击,"直播:是, 待办:N/A",34,201,16.915422885572139
2025/6/10,我的课程页,班课卡片点击,"直播:是, 待办:N/A",22,171,12.865497076023392
2025/6/11,我的课程页,班课卡片点击,"直播:是, 待办:N/A",52,172,30.232558139534884
2025/6/12,我的课程页,班课卡片点击,"直播:是, 待办:N/A",39,205,19.024390243902439
2025/6/13,我的课程页,班课卡片点击,"直播:是, 待办:N/A",1381,2449,56.390363413638220
2025/6/15,我的课程页,班课卡片点击,"直播:是, 待办:N/A",418,1951,21.424910302409021
2025/6/16,我的课程页,班课卡片点击,"直播:是, 待办:N/A",374,918,40.740740740740741
2025/6/17,我的课程页,班课卡片点击,"直播:是, 待办:N/A",176,740,23.783783783783784
2025/6/18,我的课程页,班课卡片点击,"直播:是, 待办:N/A",205,859,23.864959254947614
2025/6/19,我的课程页,班课卡片点击,"直播:是, 待办:N/A",599,1460,41.027397260273973
2025/6/20,我的课程页,班课卡片点击,"直播:是, 待办:N/A",2120,3663,57.876057876057876
2025/6/21,我的课程页,班课卡片点击,"直播:是, 待办:N/A",2387,5126,46.566523605150215
2025/6/22,我的课程页,班课卡片点击,"直播:是, 待办:N/A",602,2054,29.308666017526777
2025/6/23,我的课程页,班课卡片点击,"直播:是, 待办:N/A",666,1836,36.274509803921569
2025/6/24,我的课程页,班课卡片点击,"直播:是, 待办:N/A",246,1068,23.033707865168539
2025/5/21,我的课程页,班课卡片点击,"直播:是, 待办:N/A",6,15,40.000000000000000
2025/6/25,我的课程页,班课卡片点击,"直播:是, 待办:N/A",206,1023,20.136852394916911
2025/6/26,我的课程页,班课卡片点击,"直播:是, 待办:N/A",486,1391,34.938892882818116
2025/6/27,我的课程页,班课卡片点击,"直播:是, 待办:N/A",1286,3899,32.982816106694024
2025/6/28,我的课程页,班课卡片点击,"直播:是, 待办:N/A",271,3281,8.259676927765925
2025/7/2,我的课程页,班课卡片点击,"直播:是, 待办:N/A",6,888,0.675675675675676
2025/6/29,我的课程页,班课卡片点击,"直播:是, 待办:N/A",12,1583,0.758054327226785
2025/6/30,我的课程页,班课卡片点击,"直播:是, 待办:N/A",862,2093,41.184902054467272
2025/6/22,我的课程页,筛选项点击,年级,44,2054,2.142161635832522
2025/6/29,我的课程页,筛选项点击,年级,123,1583,7.770056854074542
2025/6/28,我的课程页,筛选项点击,年级,149,3281,4.541298384638830
2025/6/11,我的课程页,筛选项点击,年级,3,172,1.744186046511628
2025/5/22,我的课程页,筛选项点击,年级,2,8,25.000000000000000
2025/6/16,我的课程页,筛选项点击,年级,16,918,1.742919389978214
2025/5/30,我的课程页,筛选项点击,年级,2,95,2.105263157894737
2025/6/6,我的课程页,筛选项点击,年级,15,606,2.475247524752475
2025/6/23,我的课程页,筛选项点击,年级,41,1836,2.233115468409586
2025/6/21,我的课程页,筛选项点击,年级,88,5126,1.716738197424893
2025/5/29,我的课程页,筛选项点击,年级,1,11,9.090909090909091
2025/5/21,我的课程页,筛选项点击,年级,4,15,26.666666666666667
2025/6/25,我的课程页,筛选项点击,年级,27,1023,2.639296187683284
2025/6/20,我的课程页,筛选项点击,年级,51,3663,1.392301392301392
2025/6/8,我的课程页,筛选项点击,年级,14,592,2.364864864864865
2025/6/15,我的课程页,筛选项点击,年级,46,1951,2.357765248590466
2025/6/9,我的课程页,筛选项点击,年级,7,201,3.482587064676617
2025/5/31,我的课程页,筛选项点击,年级,1,95,1.052631578947368
2025/5/26,我的课程页,筛选项点击,年级,1,16,6.250000000000000
2025/7/2,我的课程页,筛选项点击,年级,62,888,6.981981981981982
2025/6/12,我的课程页,筛选项点击,年级,4,205,1.951219512195122
2025/6/19,我的课程页,筛选项点击,年级,34,1460,2.328767123287671
2025/6/2,我的课程页,筛选项点击,年级,1,46,2.173913043478261
2025/6/26,我的课程页,筛选项点击,年级,31,1391,2.228612508986341
2025/6/13,我的课程页,筛选项点击,年级,33,2449,1.347488770926909
2025/5/23,我的课程页,筛选项点击,年级,1,4,25.000000000000000
2025/6/24,我的课程页,筛选项点击,年级,23,1068,2.153558052434457
2025/6/30,我的课程页,筛选项点击,年级,73,2093,3.487816531294792
2025/6/10,我的课程页,筛选项点击,年级,4,171,2.339181286549708
2025/6/1,我的课程页,筛选项点击,年级,2,76,2.631578947368421
2025/7/1,我的课程页,筛选项点击,年级,58,986,5.882352941176471
2025/6/7,我的课程页,筛选项点击,年级,20,963,2.076843198338525
2025/6/3,我的课程页,筛选项点击,年级,1,15,6.666666666666667
2025/6/4,我的课程页,筛选项点击,年级,3,81,3.703703703703704
2025/6/18,我的课程页,筛选项点击,年级,8,859,0.931315483119907
2025/6/17,我的课程页,筛选项点击,年级,24,740,3.243243243243243
2025/6/27,我的课程页,筛选项点击,年级,93,3899,2.385226981277251
2025/6/14,我的课程页,筛选项点击,年级,101,3515,2.873399715504979
2025/6/5,我的课程页,筛选项点击,年级,6,86,6.976744186046512
2025/6/9,我的课程页,筛选项点击,科目,9,201,4.477611940298507
2025/6/7,我的课程页,筛选项点击,科目,34,963,3.530633437175493
2025/6/14,我的课程页,筛选项点击,科目,128,3515,3.641536273115220
2025/6/17,我的课程页,筛选项点击,科目,32,740,4.324324324324324
2025/6/8,我的课程页,筛选项点击,科目,20,592,3.378378378378378
2025/6/15,我的课程页,筛选项点击,科目,64,1951,3.280369041517171
2025/6/2,我的课程页,筛选项点击,科目,2,46,4.347826086956522
2025/5/21,我的课程页,筛选项点击,科目,3,15,20.000000000000000
2025/6/24,我的课程页,筛选项点击,科目,31,1068,2.902621722846442
2025/6/18,我的课程页,筛选项点击,科目,22,859,2.561117578579744
2025/6/28,我的课程页,筛选项点击,科目,230,3281,7.010057909174032
2025/6/16,我的课程页,筛选项点击,科目,17,918,1.851851851851852
2025/6/6,我的课程页,筛选项点击,科目,17,606,2.805280528052805
2025/6/27,我的课程页,筛选项点击,科目,140,3899,3.590664272890485
2025/5/22,我的课程页,筛选项点击,科目,1,8,12.500000000000000
2025/6/11,我的课程页,筛选项点击,科目,5,172,2.906976744186047
2025/5/30,我的课程页,筛选项点击,科目,4,95,4.210526315789474
2025/6/21,我的课程页,筛选项点击,科目,169,5126,3.296917674600078
2025/6/23,我的课程页,筛选项点击,科目,68,1836,3.703703703703704
2025/6/25,我的课程页,筛选项点击,科目,47,1023,4.594330400782014
2025/6/13,我的课程页,筛选项点击,科目,45,2449,1.837484687627603
2025/6/30,我的课程页,筛选项点击,科目,101,2093,4.825609173435260
2025/6/1,我的课程页,筛选项点击,科目,4,76,5.263157894736842
2025/5/23,我的课程页,筛选项点击,科目,1,4,25.000000000000000
2025/6/19,我的课程页,筛选项点击,科目,43,1460,2.945205479452055
2025/5/26,我的课程页,筛选项点击,科目,6,16,37.500000000000000
2025/6/5,我的课程页,筛选项点击,科目,7,86,8.139534883720930
2025/7/2,我的课程页,筛选项点击,科目,70,888,7.882882882882883
2025/6/26,我的课程页,筛选项点击,科目,39,1391,2.803738317757009
2025/7/1,我的课程页,筛选项点击,科目,70,986,7.099391480730223
2025/6/3,我的课程页,筛选项点击,科目,1,15,6.666666666666667
2025/6/10,我的课程页,筛选项点击,科目,6,171,3.508771929824561
2025/5/31,我的课程页,筛选项点击,科目,3,95,3.157894736842105
2025/6/4,我的课程页,筛选项点击,科目,7,81,8.641975308641975
2025/6/29,我的课程页,筛选项点击,科目,137,1583,8.654453569172457
2025/5/29,我的课程页,筛选项点击,科目,1,11,9.090909090909091
2025/6/20,我的课程页,筛选项点击,科目,66,3663,1.801801801801802
2025/6/22,我的课程页,筛选项点击,科目,71,2054,3.456669912366115
2025/6/12,我的课程页,筛选项点击,科目,4,205,1.951219512195122
2025/5/30,我的课程页,筛选项点击,类型,3,95,3.157894736842105
2025/6/24,我的课程页,筛选项点击,类型,20,1068,1.872659176029963
2025/7/2,我的课程页,筛选项点击,类型,40,888,4.504504504504505
2025/6/25,我的课程页,筛选项点击,类型,20,1023,1.955034213098729
2025/6/11,我的课程页,筛选项点击,类型,3,172,1.744186046511628
2025/6/12,我的课程页,筛选项点击,类型,2,205,0.975609756097561
2025/6/9,我的课程页,筛选项点击,类型,5,201,2.487562189054726
2025/6/8,我的课程页,筛选项点击,类型,12,592,2.027027027027027
2025/6/13,我的课程页,筛选项点击,类型,31,2449,1.265822784810127
2025/6/7,我的课程页,筛选项点击,类型,19,963,1.973001038421599
2025/6/10,我的课程页,筛选项点击,类型,3,171,1.754385964912281
2025/6/14,我的课程页,筛选项点击,类型,86,3515,2.446657183499289
2025/6/30,我的课程页,筛选项点击,类型,62,2093,2.962255136168180
2025/6/29,我的课程页,筛选项点击,类型,87,1583,5.495893872394188
2025/6/6,我的课程页,筛选项点击,类型,11,606,1.815181518151815
2025/6/15,我的课程页,筛选项点击,类型,47,1951,2.409021014864172
2025/5/22,我的课程页,筛选项点击,类型,1,8,12.500000000000000
2025/6/16,我的课程页,筛选项点击,类型,10,918,1.089324618736383
2025/6/5,我的课程页,筛选项点击,类型,4,86,4.651162790697674
2025/6/28,我的课程页,筛选项点击,类型,147,3281,4.480341359341664
2025/6/17,我的课程页,筛选项点击,类型,24,740,3.243243243243243
2025/6/18,我的课程页,筛选项点击,类型,9,859,1.047729918509895
2025/5/21,我的课程页,筛选项点击,类型,3,15,20.000000000000000
2025/5/23,我的课程页,筛选项点击,类型,1,4,25.000000000000000
2025/6/4,我的课程页,筛选项点击,类型,3,81,3.703703703703704
2025/7/1,我的课程页,筛选项点击,类型,40,986,4.056795131845842
2025/6/19,我的课程页,筛选项点击,类型,31,1460,2.123287671232877
2025/6/3,我的课程页,筛选项点击,类型,1,15,6.666666666666667
2025/6/27,我的课程页,筛选项点击,类型,82,3899,2.103103359835855
2025/6/20,我的课程页,筛选项点击,类型,42,3663,1.146601146601147
2025/6/2,我的课程页,筛选项点击,类型,1,46,2.173913043478261
2025/6/21,我的课程页,筛选项点击,类型,105,5126,2.048380803745611
2025/6/1,我的课程页,筛选项点击,类型,3,76,3.947368421052632
2025/6/26,我的课程页,筛选项点击,类型,20,1391,1.437814521926671
2025/5/26,我的课程页,筛选项点击,类型,1,16,6.250000000000000
2025/5/31,我的课程页,筛选项点击,类型,1,95,1.052631578947368
2025/6/22,我的课程页,筛选项点击,类型,41,2054,1.996105160662123
2025/6/23,我的课程页,筛选项点击,类型,47,1836,2.559912854030501
2025/6/26,我的课程页,筛选项点击,课程状态,40,1391,2.875629043853343
2025/6/2,我的课程页,筛选项点击,课程状态,3,46,6.521739130434783
2025/6/6,我的课程页,筛选项点击,课程状态,11,606,1.815181518151815
2025/6/29,我的课程页,筛选项点击,课程状态,122,1583,7.706885660138977
2025/6/9,我的课程页,筛选项点击,课程状态,3,201,1.492537313432836
2025/6/19,我的课程页,筛选项点击,课程状态,38,1460,2.602739726027397
2025/6/11,我的课程页,筛选项点击,课程状态,3,172,1.744186046511628
2025/6/23,我的课程页,筛选项点击,课程状态,52,1836,2.832244008714597
2025/6/15,我的课程页,筛选项点击,课程状态,55,1951,2.819067145053819
2025/6/13,我的课程页,筛选项点击,课程状态,38,2449,1.551653736218865
2025/6/22,我的课程页,筛选项点击,课程状态,72,2054,3.505355404089581
2025/6/16,我的课程页,筛选项点击,课程状态,21,918,2.287581699346405
2025/6/30,我的课程页,筛选项点击,课程状态,66,2093,3.153368370759675
2025/6/17,我的课程页,筛选项点击,课程状态,29,740,3.918918918918919
2025/5/21,我的课程页,筛选项点击,课程状态,3,15,20.000000000000000
2025/7/2,我的课程页,筛选项点击,课程状态,60,888,6.756756756756757
2025/5/31,我的课程页,筛选项点击,课程状态,3,95,3.157894736842105
2025/6/25,我的课程页,筛选项点击,课程状态,22,1023,2.150537634408602
2025/6/28,我的课程页,筛选项点击,课程状态,207,3281,6.309052118256629
2025/5/30,我的课程页,筛选项点击,课程状态,2,95,2.105263157894737
2025/7/1,我的课程页,筛选项点击,课程状态,60,986,6.085192697768763
2025/6/12,我的课程页,筛选项点击,课程状态,4,205,1.951219512195122
2025/5/26,我的课程页,筛选项点击,课程状态,1,16,6.250000000000000
2025/6/5,我的课程页,筛选项点击,课程状态,6,86,6.976744186046512
2025/6/7,我的课程页,筛选项点击,课程状态,26,963,2.699896157840083
2025/6/24,我的课程页,筛选项点击,课程状态,28,1068,2.621722846441948
2025/5/29,我的课程页,筛选项点击,课程状态,2,11,18.181818181818182
2025/6/14,我的课程页,筛选项点击,课程状态,112,3515,3.186344238975818
2025/5/23,我的课程页,筛选项点击,课程状态,1,4,25.000000000000000
2025/6/4,我的课程页,筛选项点击,课程状态,3,81,3.703703703703704
2025/6/21,我的课程页,筛选项点击,课程状态,123,5126,2.399531798673430
2025/6/18,我的课程页,筛选项点击,课程状态,13,859,1.513387660069849
2025/5/22,我的课程页,筛选项点击,课程状态,2,8,25.000000000000000
2025/6/10,我的课程页,筛选项点击,课程状态,6,171,3.508771929824561
2025/6/8,我的课程页,筛选项点击,课程状态,18,592,3.040540540540541
2025/6/1,我的课程页,筛选项点击,课程状态,3,76,3.947368421052632
2025/6/27,我的课程页,筛选项点击,课程状态,103,3899,2.641703000769428
2025/6/20,我的课程页,筛选项点击,课程状态,65,3663,1.774501774501775
2025/6/28,班课主页,工具栏功能点击,知识卡片,1,2500,0.040000000000000
2025/6/21,班课主页,工具栏功能点击,知识卡片,1,4404,0.022706630336058
2025/6/16,班课主页,工具栏功能点击,知识卡片,1,870,0.114942528735632
2025/5/21,班课主页,工具栏功能点击,知识卡片,1,15,6.666666666666667
2025/6/26,班课主页,工具栏功能点击,老师发卡,1,1304,0.076687116564417
2025/6/19,班课主页,工具栏功能点击,老师发卡,2,1276,0.156739811912226
2025/7/1,班课主页,工具栏功能点击,老师发卡,1,839,0.119189511323004
2025/6/21,班课主页,工具栏功能点击,老师发卡,5,4404,0.113533151680291
2025/6/17,班课主页,工具栏功能点击,老师发卡,1,589,0.169779286926995
2025/6/13,班课主页,工具栏功能点击,老师发卡,1,2357,0.042426813746288
2025/6/18,班课主页,工具栏功能点击,老师发卡,1,677,0.147710487444609
2025/6/14,班课主页,工具栏功能点击,老师发卡,1,3147,0.031776294884017
2025/6/15,班课主页,工具栏功能点击,老师发卡,3,1438,0.208623087621697
2025/6/7,班课主页,工具栏功能点击,老师发卡,4,826,0.484261501210654
2025/6/26,班课主页,工具栏功能点击,课程评价,6,1304,0.460122699386503
2025/6/27,班课主页,工具栏功能点击,课程评价,31,3544,0.874717832957111
2025/5/23,班课主页,工具栏功能点击,课程评价,1,3,33.333333333333333
2025/5/26,班课主页,工具栏功能点击,课程评价,2,15,13.333333333333333
2025/6/7,班课主页,工具栏功能点击,课程评价,10,826,1.210653753026634
2025/6/6,班课主页,工具栏功能点击,课程评价,5,574,0.871080139372822
2025/6/13,班课主页,工具栏功能点击,课程评价,30,2357,1.272804412388630
2025/6/21,班课主页,工具栏功能点击,课程评价,36,4404,0.817438692098093
2025/6/19,班课主页,工具栏功能点击,课程评价,14,1276,1.097178683385580
2025/6/8,班课主页,工具栏功能点击,课程评价,4,439,0.911161731207289
2025/6/14,班课主页,工具栏功能点击,课程评价,44,3147,1.398156974896727
2025/5/21,班课主页,工具栏功能点击,课程评价,4,15,26.666666666666667
2025/6/25,班课主页,工具栏功能点击,课程评价,4,930,0.430107526881720
2025/6/24,班课主页,工具栏功能点击,课程评价,4,966,0.414078674948240
2025/6/18,班课主页,工具栏功能点击,课程评价,4,677,0.590841949778434
2025/6/23,班课主页,工具栏功能点击,课程评价,31,1778,1.743532058492688
2025/6/22,班课主页,工具栏功能点击,课程评价,18,1861,0.967221923696937
2025/7/2,班课主页,工具栏功能点击,课程评价,5,710,0.704225352112676
2025/6/28,班课主页,工具栏功能点击,课程评价,17,2500,0.680000000000000
2025/6/17,班课主页,工具栏功能点击,课程评价,11,589,1.867572156196944
2025/5/30,班课主页,工具栏功能点击,课程评价,4,91,4.395604395604396
2025/6/10,班课主页,工具栏功能点击,课程评价,2,136,1.470588235294118
2025/6/11,班课主页,工具栏功能点击,课程评价,2,149,1.342281879194631
2025/6/16,班课主页,工具栏功能点击,课程评价,7,870,0.804597701149425
2025/6/29,班课主页,工具栏功能点击,课程评价,13,1208,1.076158940397351
2025/6/2,班课主页,工具栏功能点击,课程评价,1,36,2.777777777777778
2025/6/30,班课主页,工具栏功能点击,课程评价,7,1975,0.354430379746835
2025/6/15,班课主页,工具栏功能点击,课程评价,19,1438,1.321279554937413
2025/7/1,班课主页,工具栏功能点击,课程评价,8,839,0.953516090584029
2025/6/4,班课主页,工具栏功能点击,课程评价,4,74,5.405405405405405
2025/6/12,班课主页,工具栏功能点击,课程评价,2,156,1.282051282051282
2025/6/20,班课主页,工具栏功能点击,课程评价,32,3565,0.897615708274895
2025/6/14,班课主页,工具栏功能点击,隐藏班课,38,3147,1.207499205592628
2025/6/20,班课主页,工具栏功能点击,隐藏班课,22,3565,0.617110799438990
2025/6/23,班课主页,工具栏功能点击,隐藏班课,18,1778,1.012373453318335
2025/6/24,班课主页,工具栏功能点击,隐藏班课,5,966,0.517598343685300
2025/7/2,班课主页,工具栏功能点击,隐藏班课,5,710,0.704225352112676
2025/6/13,班课主页,工具栏功能点击,隐藏班课,28,2357,1.187950784896054
2025/6/17,班课主页,工具栏功能点击,隐藏班课,7,589,1.188455008488964
2025/6/4,班课主页,工具栏功能点击,隐藏班课,1,74,1.351351351351351
2025/6/27,班课主页,工具栏功能点击,隐藏班课,25,3544,0.705417607223476
2025/6/11,班课主页,工具栏功能点击,隐藏班课,4,149,2.684563758389262
2025/6/5,班课主页,工具栏功能点击,隐藏班课,1,73,1.369863013698630
2025/7/1,班课主页,工具栏功能点击,隐藏班课,12,839,1.430274135876043
2025/6/6,班课主页,工具栏功能点击,隐藏班课,9,574,1.567944250871080
2025/5/31,班课主页,工具栏功能点击,隐藏班课,3,87,3.448275862068966
2025/5/21,班课主页,工具栏功能点击,隐藏班课,1,15,6.666666666666667
2025/6/16,班课主页,工具栏功能点击,隐藏班课,11,870,1.264367816091954
2025/6/30,班课主页,工具栏功能点击,隐藏班课,13,1975,0.658227848101266
2025/6/19,班课主页,工具栏功能点击,隐藏班课,13,1276,1.018808777429467
2025/6/21,班课主页,工具栏功能点击,隐藏班课,38,4404,0.862851952770209
2025/5/22,班课主页,工具栏功能点击,隐藏班课,1,8,12.500000000000000
2025/6/25,班课主页,工具栏功能点击,隐藏班课,6,930,0.645161290322581
2025/6/29,班课主页,工具栏功能点击,隐藏班课,12,1208,0.993377483443709
2025/6/12,班课主页,工具栏功能点击,隐藏班课,1,156,0.641025641025641
2025/6/22,班课主页,工具栏功能点击,隐藏班课,20,1861,1.074691026329930
2025/6/26,班课主页,工具栏功能点击,隐藏班课,11,1304,0.843558282208589
2025/6/15,班课主页,工具栏功能点击,隐藏班课,17,1438,1.182197496522949
2025/6/18,班课主页,工具栏功能点击,隐藏班课,4,677,0.590841949778434
2025/5/26,班课主页,工具栏功能点击,隐藏班课,1,15,6.666666666666667
2025/6/7,班课主页,工具栏功能点击,隐藏班课,13,826,1.573849878934625
2025/6/8,班课主页,工具栏功能点击,隐藏班课,7,439,1.594533029612756
2025/6/10,班课主页,工具栏功能点击,隐藏班课,1,136,0.735294117647059
2025/6/28,班课主页,工具栏功能点击,隐藏班课,24,2500,0.960000000000000
2025/5/28,班课主页,课程大纲点击,"直播:否, 待办:无",1,3,33.333333333333333
2025/5/22,班课主页,课程大纲点击,"直播:否, 待办:无",4,8,50.000000000000000
2025/5/30,班课主页,课程大纲点击,"直播:否, 待办:无",22,91,24.175824175824176
2025/6/2,班课主页,课程大纲点击,"直播:否, 待办:无",16,36,44.444444444444444
2025/6/4,班课主页,课程大纲点击,"直播:否, 待办:无",26,74,35.135135135135135
2025/6/5,班课主页,课程大纲点击,"直播:否, 待办:无",29,73,39.726027397260274
2025/6/13,班课主页,课程大纲点击,"直播:否, 待办:无",511,2357,21.680101824352991
2025/6/25,班课主页,课程大纲点击,"直播:否, 待办:无",225,930,24.193548387096774
2025/6/14,班课主页,课程大纲点击,"直播:否, 待办:无",834,3147,26.501429933269781
2025/5/21,班课主页,课程大纲点击,"直播:否, 待办:无",9,15,60.000000000000000
2025/6/24,班课主页,课程大纲点击,"直播:否, 待办:无",218,966,22.567287784679089
2025/6/3,班课主页,课程大纲点击,"直播:否, 待办:无",3,13,23.076923076923077
2025/6/30,班课主页,课程大纲点击,"直播:否, 待办:无",437,1975,22.126582278481013
2025/6/17,班课主页,课程大纲点击,"直播:否, 待办:无",169,589,28.692699490662139
2025/6/9,班课主页,课程大纲点击,"直播:否, 待办:无",46,175,26.285714285714286
2025/6/16,班课主页,课程大纲点击,"直播:否, 待办:无",192,870,22.068965517241379
2025/6/19,班课主页,课程大纲点击,"直播:否, 待办:无",264,1276,20.689655172413793
2025/6/7,班课主页,课程大纲点击,"直播:否, 待办:无",233,826,28.208232445520581
2025/5/31,班课主页,课程大纲点击,"直播:否, 待办:无",25,87,28.735632183908046
2025/6/18,班课主页,课程大纲点击,"直播:否, 待办:无",177,677,26.144756277695716
2025/5/27,班课主页,课程大纲点击,"直播:否, 待办:无",1,1,100.000000000000000
2025/6/10,班课主页,课程大纲点击,"直播:否, 待办:无",47,136,34.558823529411765
2025/6/27,班课主页,课程大纲点击,"直播:否, 待办:无",861,3544,24.294582392776524
2025/6/15,班课主页,课程大纲点击,"直播:否, 待办:无",384,1438,26.703755215577191
2025/6/21,班课主页,课程大纲点击,"直播:否, 待办:无",1164,4404,26.430517711171662
2025/6/23,班课主页,课程大纲点击,"直播:否, 待办:无",460,1778,25.871766029246344
2025/6/8,班课主页,课程大纲点击,"直播:否, 待办:无",122,439,27.790432801822323
2025/6/29,班课主页,课程大纲点击,"直播:否, 待办:无",396,1208,32.781456953642384
2025/6/20,班课主页,课程大纲点击,"直播:否, 待办:无",697,3565,19.551192145862553
2025/6/12,班课主页,课程大纲点击,"直播:否, 待办:无",38,156,24.358974358974359
2025/6/26,班课主页,课程大纲点击,"直播:否, 待办:无",289,1304,22.162576687116564
2025/7/2,班课主页,课程大纲点击,"直播:否, 待办:无",254,710,35.774647887323944
2025/6/22,班课主页,课程大纲点击,"直播:否, 待办:无",463,1861,24.879097259537883
2025/6/1,班课主页,课程大纲点击,"直播:否, 待办:无",24,69,34.782608695652174
2025/5/23,班课主页,课程大纲点击,"直播:否, 待办:无",1,3,33.333333333333333
2025/7/1,班课主页,课程大纲点击,"直播:否, 待办:无",254,839,30.274135876042908
2025/6/11,班课主页,课程大纲点击,"直播:否, 待办:无",39,149,26.174496644295302
2025/6/6,班课主页,课程大纲点击,"直播:否, 待办:无",145,574,25.261324041811847
2025/5/29,班课主页,课程大纲点击,"直播:否, 待办:无",8,10,80.000000000000000
2025/6/28,班课主页,课程大纲点击,"直播:否, 待办:无",756,2500,30.240000000000000
2025/5/26,班课主页,课程大纲点击,"直播:否, 待办:无",5,15,33.333333333333333
2025/6/23,班课主页,课程大纲点击,"直播:否, 待办:有",375,1778,21.091113610798650
2025/6/11,班课主页,课程大纲点击,"直播:否, 待办:有",28,149,18.791946308724832
2025/6/24,班课主页,课程大纲点击,"直播:否, 待办:有",201,966,20.807453416149068
2025/6/25,班课主页,课程大纲点击,"直播:否, 待办:有",210,930,22.580645161290323
2025/6/22,班课主页,课程大纲点击,"直播:否, 待办:有",442,1861,23.750671681891456
2025/7/2,班课主页,课程大纲点击,"直播:否, 待办:有",158,710,22.253521126760563
2025/5/26,班课主页,课程大纲点击,"直播:否, 待办:有",5,15,33.333333333333333
2025/5/22,班课主页,课程大纲点击,"直播:否, 待办:有",3,8,37.500000000000000
2025/6/5,班课主页,课程大纲点击,"直播:否, 待办:有",23,73,31.506849315068493
2025/6/21,班课主页,课程大纲点击,"直播:否, 待办:有",847,4404,19.232515894641235
2025/6/26,班课主页,课程大纲点击,"直播:否, 待办:有",222,1304,17.024539877300613
2025/6/20,班课主页,课程大纲点击,"直播:否, 待办:有",548,3565,15.371669004207574
2025/6/27,班课主页,课程大纲点击,"直播:否, 待办:有",483,3544,13.628668171557562
2025/6/1,班课主页,课程大纲点击,"直播:否, 待办:有",24,69,34.782608695652174
2025/6/19,班课主页,课程大纲点击,"直播:否, 待办:有",215,1276,16.849529780564263
2025/5/28,班课主页,课程大纲点击,"直播:否, 待办:有",1,3,33.333333333333333
2025/6/8,班课主页,课程大纲点击,"直播:否, 待办:有",140,439,31.890660592255125
2025/6/18,班课主页,课程大纲点击,"直播:否, 待办:有",160,677,23.633677991137371
2025/5/29,班课主页,课程大纲点击,"直播:否, 待办:有",2,10,20.000000000000000
2025/6/17,班课主页,课程大纲点击,"直播:否, 待办:有",156,589,26.485568760611205
2025/6/28,班课主页,课程大纲点击,"直播:否, 待办:有",443,2500,17.720000000000000
2025/6/16,班课主页,课程大纲点击,"直播:否, 待办:有",194,870,22.298850574712644
2025/5/21,班课主页,课程大纲点击,"直播:否, 待办:有",8,15,53.333333333333333
2025/6/6,班课主页,课程大纲点击,"直播:否, 待办:有",154,574,26.829268292682927
2025/6/3,班课主页,课程大纲点击,"直播:否, 待办:有",5,13,38.461538461538462
2025/6/29,班课主页,课程大纲点击,"直播:否, 待办:有",280,1208,23.178807947019868
2025/6/15,班课主页,课程大纲点击,"直播:否, 待办:有",449,1438,31.223922114047288
2025/6/30,班课主页,课程大纲点击,"直播:否, 待办:有",259,1975,13.113924050632911
2025/6/9,班课主页,课程大纲点击,"直播:否, 待办:有",53,175,30.285714285714286
2025/6/14,班课主页,课程大纲点击,"直播:否, 待办:有",886,3147,28.153797267238640
2025/5/30,班课主页,课程大纲点击,"直播:否, 待办:有",16,91,17.582417582417582
2025/5/31,班课主页,课程大纲点击,"直播:否, 待办:有",19,87,21.839080459770115
2025/6/13,班课主页,课程大纲点击,"直播:否, 待办:有",502,2357,21.298260500636402
2025/7/1,班课主页,课程大纲点击,"直播:否, 待办:有",165,839,19.666269368295590
2025/6/12,班课主页,课程大纲点击,"直播:否, 待办:有",33,156,21.153846153846154
2025/6/4,班课主页,课程大纲点击,"直播:否, 待办:有",30,74,40.540540540540541
2025/6/10,班课主页,课程大纲点击,"直播:否, 待办:有",42,136,30.882352941176471
2025/6/7,班课主页,课程大纲点击,"直播:否, 待办:有",260,826,31.476997578692494
2025/6/2,班课主页,课程大纲点击,"直播:否, 待办:有",15,36,41.666666666666667
2025/7/2,班课主页,课程大纲点击,"直播:是, 待办:N/A",1,710,0.140845070422535
2025/6/30,班课主页,课程大纲点击,"直播:是, 待办:N/A",133,1975,6.734177215189873
2025/6/16,班课主页,课程大纲点击,"直播:是, 待办:N/A",61,870,7.011494252873563
2025/5/21,班课主页,课程大纲点击,"直播:是, 待办:N/A",4,15,26.666666666666667
2025/6/15,班课主页,课程大纲点击,"直播:是, 待办:N/A",79,1438,5.493741307371349
2025/6/8,班课主页,课程大纲点击,"直播:是, 待办:N/A",16,439,3.644646924829157
2025/6/6,班课主页,课程大纲点击,"直播:是, 待办:N/A",84,574,14.634146341463415
2025/6/26,班课主页,课程大纲点击,"直播:是, 待办:N/A",66,1304,5.061349693251534
2025/6/1,班课主页,课程大纲点击,"直播:是, 待办:N/A",1,69,1.449275362318841
2025/6/4,班课主页,课程大纲点击,"直播:是, 待办:N/A",10,74,13.513513513513514
2025/6/12,班课主页,课程大纲点击,"直播:是, 待办:N/A",5,156,3.205128205128205
2025/6/24,班课主页,课程大纲点击,"直播:是, 待办:N/A",31,966,3.209109730848861
2025/6/17,班课主页,课程大纲点击,"直播:是, 待办:N/A",21,589,3.565365025466893
2025/6/25,班课主页,课程大纲点击,"直播:是, 待办:N/A",21,930,2.258064516129032
2025/6/28,班课主页,课程大纲点击,"直播:是, 待办:N/A",21,2500,0.840000000000000
2025/5/29,班课主页,课程大纲点击,"直播:是, 待办:N/A",2,10,20.000000000000000
2025/5/31,班课主页,课程大纲点击,"直播:是, 待办:N/A",11,87,12.643678160919540
2025/6/29,班课主页,课程大纲点击,"直播:是, 待办:N/A",3,1208,0.248344370860927
2025/6/18,班课主页,课程大纲点击,"直播:是, 待办:N/A",33,677,4.874446085672083
2025/6/7,班课主页,课程大纲点击,"直播:是, 待办:N/A",100,826,12.106537530266344
2025/6/11,班课主页,课程大纲点击,"直播:是, 待办:N/A",3,149,2.013422818791946
2025/5/30,班课主页,课程大纲点击,"直播:是, 待办:N/A",9,91,9.890109890109890
2025/6/9,班课主页,课程大纲点击,"直播:是, 待办:N/A",5,175,2.857142857142857
2025/6/13,班课主页,课程大纲点击,"直播:是, 待办:N/A",305,2357,12.940178192617734
2025/6/27,班课主页,课程大纲点击,"直播:是, 待办:N/A",142,3544,4.006772009029345
2025/6/19,班课主页,课程大纲点击,"直播:是, 待办:N/A",64,1276,5.015673981191223
2025/6/5,班课主页,课程大纲点击,"直播:是, 待办:N/A",1,73,1.369863013698630
2025/6/23,班课主页,课程大纲点击,"直播:是, 待办:N/A",80,1778,4.499437570303712
2025/6/10,班课主页,课程大纲点击,"直播:是, 待办:N/A",3,136,2.205882352941176
2025/6/21,班课主页,课程大纲点击,"直播:是, 待办:N/A",683,4404,15.508628519527702
2025/6/20,班课主页,课程大纲点击,"直播:是, 待办:N/A",405,3565,11.360448807854137
2025/7/1,班课主页,课程大纲点击,"直播:是, 待办:N/A",17,839,2.026221692491061
2025/6/14,班课主页,课程大纲点击,"直播:是, 待办:N/A",513,3147,16.301239275500477
2025/6/22,班课主页,课程大纲点击,"直播:是, 待办:N/A",149,1861,8.006448146157980
2025/6/13,班课主页,课程环节点击,AI对话练习,9,2357,0.381841323716589
2025/6/15,班课主页,课程环节点击,AI对话练习,7,1438,0.486787204450626
2025/6/5,班课主页,课程环节点击,AI对话练习,1,73,1.369863013698630
2025/7/1,班课主页,课程环节点击,AI对话练习,1,839,0.119189511323004
2025/6/9,班课主页,课程环节点击,AI对话练习,1,175,0.571428571428571
2025/6/17,班课主页,课程环节点击,AI对话练习,1,589,0.169779286926995
2025/6/14,班课主页,课程环节点击,AI对话练习,18,3147,0.571973307912297
2025/5/21,班课主页,课程环节点击,AI对话练习,2,15,13.333333333333333
2025/6/20,班课主页,课程环节点击,AI对话练习,3,3565,0.084151472650771
2025/5/27,班课主页,课程环节点击,AI对话练习,1,1,100.000000000000000
2025/5/30,班课主页,课程环节点击,AI对话练习,1,91,1.098901098901099
2025/5/21,班课主页,课程环节点击,【测试】KET模考名称,2,15,13.333333333333333
2025/5/21,班课主页,课程环节点击,【测试】不开放的KET模考名称,1,15,6.666666666666667
2025/5/21,班课主页,课程环节点击,【测试】不过期的KET模考名称,1,15,6.666666666666667
2025/5/21,班课主页,课程环节点击,【线上回测】6春数不合并,1,15,6.666666666666667
2025/5/21,班课主页,课程环节点击,【线上回测】6春语不合并,1,15,6.666666666666667
2025/6/27,班课主页,课程环节点击,个性化纠音,1,3544,0.028216704288939
2025/5/21,班课主页,课程环节点击,个性化纠音,3,15,20.000000000000000
2025/6/30,班课主页,课程环节点击,个性化纠音,2,1975,0.101265822784810
2025/6/21,班课主页,课程环节点击,个性化纠音,5,4404,0.113533151680291
2025/6/8,班课主页,课程环节点击,个性化纠音,3,439,0.683371298405467
2025/6/19,班课主页,课程环节点击,个性化纠音,1,1276,0.078369905956113
2025/6/10,班课主页,课程环节点击,个性化纠音,1,136,0.735294117647059
2025/6/17,班课主页,课程环节点击,个性化纠音,1,589,0.169779286926995
2025/6/22,班课主页,课程环节点击,个性化纠音,4,1861,0.214938205265986
2025/6/15,班课主页,课程环节点击,个性化纠音,6,1438,0.417246175243394
2025/5/31,班课主页,课程环节点击,个性化纠音,1,87,1.149425287356322
2025/6/7,班课主页,课程环节点击,个性化纠音,3,826,0.363196125907990
2025/6/9,班课主页,课程环节点击,个性化纠音,1,175,0.571428571428571
2025/6/25,班课主页,课程环节点击,个性化纠音,1,930,0.107526881720430
2025/6/28,班课主页,课程环节点击,个性化纠音,7,2500,0.280000000000000
2025/6/14,班课主页,课程环节点击,个性化纠音,6,3147,0.190657769304099
2025/6/29,班课主页,课程环节点击,个性化纠音,2,1208,0.165562913907285
2025/7/1,班课主页,课程环节点击,个性化纠音,1,839,0.119189511323004
2025/5/26,班课主页,课程环节点击,个性化题集,1,15,6.666666666666667
2025/5/21,班课主页,课程环节点击,个性化题集,1,15,6.666666666666667
2025/6/16,班课主页,课程环节点击,个性化题集,3,870,0.344827586206897
2025/5/31,班课主页,课程环节点击,个性化题集,1,87,1.149425287356322
2025/6/17,班课主页,课程环节点击,个性化题集,2,589,0.339558573853990
2025/6/7,班课主页,课程环节点击,个性化题集,6,826,0.726392251815981
2025/6/18,班课主页,课程环节点击,个性化题集,1,677,0.147710487444609
2025/6/28,班课主页,课程环节点击,个性化题集,1,2500,0.040000000000000
2025/6/13,班课主页,课程环节点击,个性化题集,11,2357,0.466694951209164
2025/6/6,班课主页,课程环节点击,个性化题集,3,574,0.522648083623693
2025/6/22,班课主页,课程环节点击,个性化题集,14,1861,0.752283718430951
2025/6/27,班课主页,课程环节点击,个性化题集,3,3544,0.084650112866817
2025/6/12,班课主页,课程环节点击,个性化题集,1,156,0.641025641025641
2025/6/5,班课主页,课程环节点击,个性化题集,1,73,1.369863013698630
2025/6/8,班课主页,课程环节点击,个性化题集,6,439,1.366742596810934
2025/6/20,班课主页,课程环节点击,个性化题集,23,3565,0.645161290322581
2025/6/21,班课主页,课程环节点击,个性化题集,28,4404,0.635785649409628
2025/6/11,班课主页,课程环节点击,个性化题集,3,149,2.013422818791946
2025/6/25,班课主页,课程环节点击,个性化题集,3,930,0.322580645161290
2025/6/14,班课主页,课程环节点击,个性化题集,17,3147,0.540197013028281
2025/6/15,班课主页,课程环节点击,个性化题集,9,1438,0.625869262865090
2025/6/20,班课主页,课程环节点击,关注公众号收取报告,7,3565,0.196353436185133
2025/6/3,班课主页,课程环节点击,关注公众号收取报告,1,13,7.692307692307692
2025/6/13,班课主页,课程环节点击,关注公众号收取报告,8,2357,0.339414509970301
2025/6/6,班课主页,课程环节点击,关注公众号收取报告,4,574,0.696864111498258
2025/6/19,班课主页,课程环节点击,关注公众号收取报告,5,1276,0.391849529780564
2025/7/1,班课主页,课程环节点击,关注公众号收取报告,9,839,1.072705601907032
2025/6/21,班课主页,课程环节点击,关注公众号收取报告,24,4404,0.544959128065395
2025/5/20,班课主页,课程环节点击,关注公众号收取报告,1,3,33.333333333333333
2025/5/21,班课主页,课程环节点击,关注公众号收取报告,9,15,60.000000000000000
2025/6/18,班课主页,课程环节点击,关注公众号收取报告,2,677,0.295420974889217
2025/6/24,班课主页,课程环节点击,关注公众号收取报告,11,966,1.138716356107660
2025/6/8,班课主页,课程环节点击,关注公众号收取报告,6,439,1.366742596810934
2025/6/17,班课主页,课程环节点击,关注公众号收取报告,3,589,0.509337860780985
2025/5/26,班课主页,课程环节点击,关注公众号收取报告,2,15,13.333333333333333
2025/6/22,班课主页,课程环节点击,关注公众号收取报告,19,1861,1.020956475013434
2025/6/28,班课主页,课程环节点击,关注公众号收取报告,48,2500,1.920000000000000
2025/6/7,班课主页,课程环节点击,关注公众号收取报告,7,826,0.847457627118644
2025/6/25,班课主页,课程环节点击,关注公众号收取报告,17,930,1.827956989247312
2025/6/14,班课主页,课程环节点击,关注公众号收取报告,23,3147,0.730854782332380
2025/6/23,班课主页,课程环节点击,关注公众号收取报告,64,1778,3.599550056242970
2025/6/10,班课主页,课程环节点击,关注公众号收取报告,2,136,1.470588235294118
2025/6/16,班课主页,课程环节点击,关注公众号收取报告,5,870,0.574712643678161
2025/6/27,班课主页,课程环节点击,关注公众号收取报告,24,3544,0.677200902934537
2025/6/15,班课主页,课程环节点击,关注公众号收取报告,16,1438,1.112656467315716
2025/6/30,班课主页,课程环节点击,关注公众号收取报告,9,1975,0.455696202531646
2025/6/29,班课主页,课程环节点击,关注公众号收取报告,17,1208,1.407284768211921
2025/7/2,班课主页,课程环节点击,关注公众号收取报告,19,710,2.676056338028169
2025/6/4,班课主页,课程环节点击,关注公众号收取报告,1,74,1.351351351351351
2025/6/9,班课主页,课程环节点击,关注公众号收取报告,2,175,1.142857142857143
2025/6/11,班课主页,课程环节点击,关注公众号收取报告,1,149,0.671140939597315
2025/6/26,班课主页,课程环节点击,关注公众号收取报告,13,1304,0.996932515337423
2025/6/5,班课主页,课程环节点击,写作练习,2,73,2.739726027397260
2025/7/2,班课主页,课程环节点击,写作练习,3,710,0.422535211267606
2025/6/4,班课主页,课程环节点击,写作练习,4,74,5.405405405405405
2025/7/1,班课主页,课程环节点击,写作练习,4,839,0.476758045292014
2025/6/30,班课主页,课程环节点击,写作练习,2,1975,0.101265822784810
2025/6/29,班课主页,课程环节点击,写作练习,4,1208,0.331125827814570
2025/6/28,班课主页,课程环节点击,写作练习,7,2500,0.280000000000000
2025/6/27,班课主页,课程环节点击,写作练习,16,3544,0.451467268623025
2025/6/26,班课主页,课程环节点击,写作练习,5,1304,0.383435582822086
2025/6/25,班课主页,课程环节点击,写作练习,5,930,0.537634408602151
2025/6/24,班课主页,课程环节点击,写作练习,5,966,0.517598343685300
2025/6/23,班课主页,课程环节点击,写作练习,5,1778,0.281214848143982
2025/6/22,班课主页,课程环节点击,写作练习,5,1861,0.268672756582483
2025/6/21,班课主页,课程环节点击,写作练习,7,4404,0.158946412352407
2025/6/20,班课主页,课程环节点击,写作练习,16,3565,0.448807854137447
2025/6/19,班课主页,课程环节点击,写作练习,3,1276,0.235109717868339
2025/6/18,班课主页,课程环节点击,写作练习,7,677,1.033973412112260
2025/6/17,班课主页,课程环节点击,写作练习,6,589,1.018675721561969
2025/6/16,班课主页,课程环节点击,写作练习,3,870,0.344827586206897
2025/6/15,班课主页,课程环节点击,写作练习,9,1438,0.625869262865090
2025/6/14,班课主页,课程环节点击,写作练习,18,3147,0.571973307912297
2025/6/13,班课主页,课程环节点击,写作练习,19,2357,0.806109461179465
2025/6/12,班课主页,课程环节点击,写作练习,1,156,0.641025641025641
2025/6/11,班课主页,课程环节点击,写作练习,1,149,0.671140939597315
2025/6/10,班课主页,课程环节点击,写作练习,1,136,0.735294117647059
2025/6/9,班课主页,课程环节点击,写作练习,2,175,1.142857142857143
2025/5/21,班课主页,课程环节点击,写作练习,3,15,20.000000000000000
2025/5/22,班课主页,课程环节点击,写作练习,1,8,12.500000000000000
2025/6/7,班课主页,课程环节点击,写作练习,2,826,0.242130750605327
2025/5/26,班课主页,课程环节点击,写作练习,2,15,13.333333333333333
2025/6/6,班课主页,课程环节点击,写作练习,7,574,1.219512195121951
2025/5/21,班课主页,课程环节点击,创作者说,1,15,6.666666666666667
2025/6/22,班课主页,课程环节点击,单词听写,1,1861,0.053734551316497
2025/6/13,班课主页,课程环节点击,单词听写,23,2357,0.975816716164616
2025/6/4,班课主页,课程环节点击,单词听写,1,74,1.351351351351351
2025/6/12,班课主页,课程环节点击,单词听写,1,156,0.641025641025641
2025/7/1,班课主页,课程环节点击,单词听写,2,839,0.238379022646007
2025/6/6,班课主页,课程环节点击,单词听写,2,574,0.348432055749129
2025/6/14,班课主页,课程环节点击,单词听写,7,3147,0.222434064188116
2025/5/30,班课主页,课程环节点击,单词听写,1,91,1.098901098901099
2025/6/15,班课主页,课程环节点击,单词听写,2,1438,0.139082058414465
2025/6/30,班课主页,课程环节点击,单词听写,3,1975,0.151898734177215
2025/6/29,班课主页,课程环节点击,单词听写,1,1208,0.082781456953642
2025/5/29,班课主页,课程环节点击,单词听写,1,10,10.000000000000000
2025/5/21,班课主页,课程环节点击,单词听写,2,15,13.333333333333333
2025/6/16,班课主页,课程环节点击,单词听写,1,870,0.114942528735632
2025/6/28,班课主页,课程环节点击,单词听写,5,2500,0.200000000000000
2025/6/7,班课主页,课程环节点击,单词听写,5,826,0.605326876513317
2025/7/2,班课主页,课程环节点击,单词听写,2,710,0.281690140845070
2025/6/17,班课主页,课程环节点击,单词听写,2,589,0.339558573853990
2025/6/27,班课主页,课程环节点击,单词听写,21,3544,0.592550790067720
2025/6/9,班课主页,课程环节点击,单词听写,1,175,0.571428571428571
2025/6/18,班课主页,课程环节点击,单词听写,5,677,0.738552437223043
2025/6/26,班课主页,课程环节点击,单词听写,3,1304,0.230061349693252
2025/6/19,班课主页,课程环节点击,单词听写,1,1276,0.078369905956113
2025/6/25,班课主页,课程环节点击,单词听写,2,930,0.215053763440860
2025/6/1,班课主页,课程环节点击,单词听写,1,69,1.449275362318841
2025/6/24,班课主页,课程环节点击,单词听写,2,966,0.207039337474120
2025/6/20,班课主页,课程环节点击,单词听写,8,3565,0.224403927068724
2025/6/21,班课主页,课程环节点击,单词听写,9,4404,0.204359673024523
2025/6/10,班课主页,课程环节点击,单词听写,1,136,0.735294117647059
2025/6/23,班课主页,课程环节点击,单词听写,1,1778,0.056242969628796
2025/6/17,班课主页,课程环节点击,单词闯关,1,589,0.169779286926995
2025/6/10,班课主页,课程环节点击,单词闯关,1,136,0.735294117647059
2025/6/21,班课主页,课程环节点击,单词闯关,1,4404,0.022706630336058
2025/6/9,班课主页,课程环节点击,单词闯关,1,175,0.571428571428571
2025/6/18,班课主页,课程环节点击,单词闯关,1,677,0.147710487444609
2025/5/21,班课主页,课程环节点击,单词闯关,2,15,13.333333333333333
2025/6/7,班课主页,课程环节点击,单词闯关,1,826,0.121065375302663
2025/6/8,班课主页,课程环节点击,单词闯关,1,439,0.227790432801822
2025/6/19,班课主页,课程环节点击,单词闯关,2,1276,0.156739811912226
2025/6/12,班课主页,课程环节点击,博雅演说家,1,156,0.641025641025641
2025/6/20,班课主页,课程环节点击,博雅演说家,1,3565,0.028050490883590
2025/6/14,班课主页,课程环节点击,博雅演说家,4,3147,0.127105179536066
2025/6/18,班课主页,课程环节点击,博雅演说家,1,677,0.147710487444609
2025/6/19,班课主页,课程环节点击,博雅演说家,2,1276,0.156739811912226
2025/6/15,班课主页,课程环节点击,博雅演说家,2,1438,0.139082058414465
2025/6/21,班课主页,课程环节点击,博雅演说家,2,4404,0.045413260672116
2025/6/7,班课主页,课程环节点击,博雅演说家,3,826,0.363196125907990
2025/6/8,班课主页,课程环节点击,博雅演说家,5,439,1.138952164009112
2025/6/1,班课主页,课程环节点击,博雅演说家,1,69,1.449275362318841
2025/6/22,班课主页,课程环节点击,博雅演说家,3,1861,0.161203653949490
2025/6/23,班课主页,课程环节点击,博雅演说家,1,1778,0.056242969628796
2025/5/21,班课主页,课程环节点击,博雅演说家,2,15,13.333333333333333
2025/6/22,班课主页,课程环节点击,口语模考,3,1861,0.161203653949490
2025/6/13,班课主页,课程环节点击,口语模考,3,2357,0.127280441238863
2025/6/14,班课主页,课程环节点击,口语模考,3,3147,0.095328884652050
2025/6/21,班课主页,课程环节点击,口语模考,8,4404,0.181653042688465
2025/5/21,班课主页,课程环节点击,口语模考,2,15,13.333333333333333
2025/6/24,班课主页,课程环节点击,口语模考,1,966,0.103519668737060
2025/6/27,班课主页,课程环节点击,口语模考,2,3544,0.056433408577878
2025/6/28,班课主页,课程环节点击,口语模考,6,2500,0.240000000000000
2025/6/7,班课主页,课程环节点击,口语模考,1,826,0.121065375302663
2025/6/29,班课主页,课程环节点击,口语模考,3,1208,0.248344370860927
2025/6/30,班课主页,课程环节点击,口语模考,1,1975,0.050632911392405
2025/5/30,班课主页,课程环节点击,口语模考,1,91,1.098901098901099
2025/7/1,班课主页,课程环节点击,口语模考,3,839,0.357568533969011
2025/7/2,班课主页,课程环节点击,口语模考,1,710,0.140845070422535
2025/5/21,班课主页,课程环节点击,复习动画,2,15,13.333333333333333
2025/6/26,班课主页,课程环节点击,复习动画,5,1304,0.383435582822086
2025/7/1,班课主页,课程环节点击,复习动画,1,839,0.119189511323004
2025/6/21,班课主页,课程环节点击,外教动画,1,4404,0.022706630336058
2025/6/21,班课主页,课程环节点击,思维小老师,34,4404,0.772025431425976
2025/6/23,班课主页,课程环节点击,思维小老师,5,1778,0.281214848143982
2025/6/20,班课主页,课程环节点击,思维小老师,21,3565,0.589060308555400
2025/6/25,班课主页,课程环节点击,思维小老师,1,930,0.107526881720430
2025/6/19,班课主页,课程环节点击,思维小老师,1,1276,0.078369905956113
2025/6/5,班课主页,课程环节点击,思维小老师,1,73,1.369863013698630
2025/6/27,班课主页,课程环节点击,思维小老师,1,3544,0.028216704288939
2025/6/2,班课主页,课程环节点击,思维小老师,3,36,8.333333333333333
2025/6/16,班课主页,课程环节点击,思维小老师,2,870,0.229885057471264
2025/5/21,班课主页,课程环节点击,思维小老师,1,15,6.666666666666667
2025/6/10,班课主页,课程环节点击,思维小老师,3,136,2.205882352941176
2025/6/28,班课主页,课程环节点击,思维小老师,4,2500,0.160000000000000
2025/6/15,班课主页,课程环节点击,思维小老师,9,1438,0.625869262865090
2025/6/13,班课主页,课程环节点击,思维小老师,18,2357,0.763682647433178
2025/6/29,班课主页,课程环节点击,思维小老师,1,1208,0.082781456953642
2025/5/29,班课主页,课程环节点击,思维小老师,1,10,10.000000000000000
2025/7/2,班课主页,课程环节点击,思维小老师,1,710,0.140845070422535
2025/6/14,班课主页,课程环节点击,思维小老师,60,3147,1.906577693040991
2025/6/30,班课主页,课程环节点击,思维小老师,1,1975,0.050632911392405
2025/6/6,班课主页,课程环节点击,思维小老师,15,574,2.613240418118467
2025/5/30,班课主页,课程环节点击,思维小老师,2,91,2.197802197802198
2025/7/1,班课主页,课程环节点击,思维小老师,1,839,0.119189511323004
2025/6/12,班课主页,课程环节点击,思维小老师,1,156,0.641025641025641
2025/5/31,班课主页,课程环节点击,思维小老师,2,87,2.298850574712644
2025/6/8,班课主页,课程环节点击,思维小老师,3,439,0.683371298405467
2025/6/22,班课主页,课程环节点击,思维小老师,6,1861,0.322407307898979
2025/6/7,班课主页,课程环节点击,思维小老师,17,826,2.058111380145278
2025/5/22,班课主页,课程环节点击,思维小老师,1,8,12.500000000000000
2025/6/15,班课主页,课程环节点击,思维工具箱,40,1438,2.781641168289291
2025/6/4,班课主页,课程环节点击,思维工具箱,1,74,1.351351351351351
2025/5/29,班课主页,课程环节点击,思维工具箱,1,10,10.000000000000000
2025/5/31,班课主页,课程环节点击,思维工具箱,3,87,3.448275862068966
2025/5/30,班课主页,课程环节点击,思维工具箱,7,91,7.692307692307692
2025/6/2,班课主页,课程环节点击,思维工具箱,2,36,5.555555555555556
2025/6/30,班课主页,课程环节点击,思维工具箱,1,1975,0.050632911392405
2025/6/9,班课主页,课程环节点击,思维工具箱,2,175,1.142857142857143
2025/6/13,班课主页,课程环节点击,思维工具箱,73,2357,3.097157403478999
2025/6/7,班课主页,课程环节点击,思维工具箱,47,826,5.690072639225182
2025/7/2,班课主页,课程环节点击,思维工具箱,3,710,0.422535211267606
2025/6/20,班课主页,课程环节点击,思维工具箱,57,3565,1.598877980364656
2025/6/25,班课主页,课程环节点击,思维工具箱,2,930,0.215053763440860
2025/6/5,班课主页,课程环节点击,思维工具箱,2,73,2.739726027397260
2025/6/19,班课主页,课程环节点击,思维工具箱,6,1276,0.470219435736677
2025/6/10,班课主页,课程环节点击,思维工具箱,4,136,2.941176470588235
2025/6/24,班课主页,课程环节点击,思维工具箱,5,966,0.517598343685300
2025/6/26,班课主页,课程环节点击,思维工具箱,2,1304,0.153374233128834
2025/6/18,班课主页,课程环节点击,思维工具箱,7,677,1.033973412112260
2025/6/27,班课主页,课程环节点击,思维工具箱,8,3544,0.225733634311512
2025/5/21,班课主页,课程环节点击,思维工具箱,1,15,6.666666666666667
2025/6/8,班课主页,课程环节点击,思维工具箱,17,439,3.872437357630979
2025/6/17,班课主页,课程环节点击,思维工具箱,4,589,0.679117147707980
2025/6/21,班课主页,课程环节点击,思维工具箱,135,4404,3.065395095367847
2025/6/23,班课主页,课程环节点击,思维工具箱,8,1778,0.449943757030371
2025/7/1,班课主页,课程环节点击,思维工具箱,1,839,0.119189511323004
2025/6/12,班课主页,课程环节点击,思维工具箱,4,156,2.564102564102564
2025/6/28,班课主页,课程环节点击,思维工具箱,5,2500,0.200000000000000
2025/6/6,班课主页,课程环节点击,思维工具箱,36,574,6.271777003484321
2025/6/14,班课主页,课程环节点击,思维工具箱,146,3147,4.639339053066412
2025/6/16,班课主页,课程环节点击,思维工具箱,11,870,1.264367816091954
2025/6/22,班课主页,课程环节点击,思维工具箱,31,1861,1.665771090811392
2025/6/11,班课主页,课程环节点击,思维工具箱,1,149,0.671140939597315
2025/6/29,班课主页,课程环节点击,思维工具箱,4,1208,0.331125827814570
2025/6/1,班课主页,课程环节点击,思维工具箱,1,69,1.449275362318841
2025/7/2,班课主页,课程环节点击,思维热身,34,710,4.788732394366197
2025/7/1,班课主页,课程环节点击,思维热身,40,839,4.767580452920143
2025/6/30,班课主页,课程环节点击,思维热身,38,1975,1.924050632911392
2025/6/29,班课主页,课程环节点击,思维热身,42,1208,3.476821192052980
2025/6/28,班课主页,课程环节点击,思维热身,66,2500,2.640000000000000
2025/6/27,班课主页,课程环节点击,思维热身,61,3544,1.721218961625282
2025/6/26,班课主页,课程环节点击,思维热身,37,1304,2.837423312883436
2025/6/25,班课主页,课程环节点击,思维热身,45,930,4.838709677419355
2025/6/24,班课主页,课程环节点击,思维热身,51,966,5.279503105590062
2025/6/23,班课主页,课程环节点击,思维热身,164,1778,9.223847019122610
2025/6/22,班课主页,课程环节点击,思维热身,287,1861,15.421816227834498
2025/6/21,班课主页,课程环节点击,思维热身,1043,4404,23.683015440508629
2025/6/20,班课主页,课程环节点击,思维热身,641,3565,17.980364656381487
2025/6/19,班课主页,课程环节点击,思维热身,79,1276,6.191222570532915
2025/6/18,班课主页,课程环节点击,思维热身,54,677,7.976366322008863
2025/6/17,班课主页,课程环节点击,思维热身,56,589,9.507640067911715
2025/6/16,班课主页,课程环节点击,思维热身,68,870,7.816091954022989
2025/6/15,班课主页,课程环节点击,思维热身,340,1438,23.643949930458971
2025/6/14,班课主页,课程环节点击,思维热身,948,3147,30.123927550047664
2025/6/13,班课主页,课程环节点击,思维热身,580,2357,24.607551972846839
2025/6/12,班课主页,课程环节点击,思维热身,35,156,22.435897435897436
2025/6/11,班课主页,课程环节点击,思维热身,26,149,17.449664429530201
2025/6/10,班课主页,课程环节点击,思维热身,21,136,15.441176470588235
2025/6/9,班课主页,课程环节点击,思维热身,25,175,14.285714285714286
2025/6/8,班课主页,课程环节点击,思维热身,114,439,25.968109339407745
2025/6/7,班课主页,课程环节点击,思维热身,298,826,36.077481840193705
2025/6/6,班课主页,课程环节点击,思维热身,286,574,49.825783972125436
2025/6/5,班课主页,课程环节点击,思维热身,21,73,28.767123287671233
2025/6/4,班课主页,课程环节点击,思维热身,26,74,35.135135135135135
2025/6/3,班课主页,课程环节点击,思维热身,3,13,23.076923076923077
2025/6/2,班课主页,课程环节点击,思维热身,19,36,52.777777777777778
2025/6/1,班课主页,课程环节点击,思维热身,21,69,30.434782608695652
2025/5/31,班课主页,课程环节点击,思维热身,14,87,16.091954022988506
2025/5/30,班课主页,课程环节点击,思维热身,67,91,73.626373626373626
2025/5/29,班课主页,课程环节点击,思维热身,3,10,30.000000000000000
2025/5/28,班课主页,课程环节点击,思维热身,1,3,33.333333333333333
2025/5/23,班课主页,课程环节点击,思维热身,1,3,33.333333333333333
2025/5/22,班课主页,课程环节点击,思维热身,1,8,12.500000000000000
2025/5/21,班课主页,课程环节点击,思维热身,1,15,6.666666666666667
2025/6/27,班课主页,课程环节点击,思维积累,1,3544,0.028216704288939
2025/6/27,班课主页,课程环节点击,思维能力课前评估,1,3544,0.028216704288939
2025/6/16,班课主页,课程环节点击,思维训练场,15,870,1.724137931034483
2025/6/13,班课主页,课程环节点击,思维训练场,97,2357,4.115400933389902
2025/6/21,班课主页,课程环节点击,思维训练场,185,4404,4.200726612170754
2025/6/20,班课主页,课程环节点击,思维训练场,101,3565,2.833099579242637
2025/6/4,班课主页,课程环节点击,思维训练场,2,74,2.702702702702703
2025/6/23,班课主页,课程环节点击,思维训练场,25,1778,1.406074240719910
2025/6/11,班课主页,课程环节点击,思维训练场,6,149,4.026845637583893
2025/5/31,班课主页,课程环节点击,思维训练场,5,87,5.747126436781609
2025/6/5,班课主页,课程环节点击,思维训练场,3,73,4.109589041095890
2025/6/28,班课主页,课程环节点击,思维训练场,8,2500,0.320000000000000
2025/5/29,班课主页,课程环节点击,思维训练场,1,10,10.000000000000000
2025/6/14,班课主页,课程环节点击,思维训练场,200,3147,6.355258976803305
2025/7/1,班课主页,课程环节点击,思维训练场,2,839,0.238379022646007
2025/6/30,班课主页,课程环节点击,思维训练场,4,1975,0.202531645569620
2025/6/22,班课主页,课程环节点击,思维训练场,76,1861,4.083825900053735
2025/6/6,班课主页,课程环节点击,思维训练场,57,574,9.930313588850174
2025/6/18,班课主页,课程环节点击,思维训练场,10,677,1.477104874446086
2025/6/10,班课主页,课程环节点击,思维训练场,6,136,4.411764705882353
2025/6/15,班课主页,课程环节点击,思维训练场,85,1438,5.910987482614743
2025/6/26,班课主页,课程环节点击,思维训练场,5,1304,0.383435582822086
2025/6/17,班课主页,课程环节点击,思维训练场,12,589,2.037351443123939
2025/6/25,班课主页,课程环节点击,思维训练场,13,930,1.397849462365591
2025/5/21,班课主页,课程环节点击,思维训练场,1,15,6.666666666666667
2025/7/2,班课主页,课程环节点击,思维训练场,4,710,0.563380281690141
2025/6/19,班课主页,课程环节点击,思维训练场,9,1276,0.705329153605016
2025/5/30,班课主页,课程环节点击,思维训练场,9,91,9.890109890109890
2025/6/12,班课主页,课程环节点击,思维训练场,7,156,4.487179487179487
2025/6/7,班课主页,课程环节点击,思维训练场,66,826,7.990314769975787
2025/6/9,班课主页,课程环节点击,思维训练场,9,175,5.142857142857143
2025/6/8,班课主页,课程环节点击,思维训练场,34,439,7.744874715261959
2025/6/2,班课主页,课程环节点击,思维训练场,4,36,11.111111111111111
2025/6/1,班课主页,课程环节点击,思维训练场,2,69,2.898550724637681
2025/6/29,班课主页,课程环节点击,思维训练场,8,1208,0.662251655629139
2025/6/24,班课主页,课程环节点击,思维训练场,3,966,0.310559006211180
2025/6/27,班课主页,课程环节点击,思维训练场,12,3544,0.338600451467269
2025/6/11,班课主页,课程环节点击,我是小老师,1,149,0.671140939597315
2025/6/16,班课主页,课程环节点击,我是小老师,20,870,2.298850574712644
2025/6/22,班课主页,课程环节点击,我是小老师,4,1861,0.214938205265986
2025/6/26,班课主页,课程环节点击,我是小老师,15,1304,1.150306748466258
2025/6/28,班课主页,课程环节点击,我是小老师,4,2500,0.160000000000000
2025/6/20,班课主页,课程环节点击,我是小老师,12,3565,0.336605890603086
2025/7/1,班课主页,课程环节点击,我是小老师,2,839,0.238379022646007
2025/6/27,班课主页,课程环节点击,我是小老师,11,3544,0.310383747178330
2025/6/9,班课主页,课程环节点击,我是小老师,4,175,2.285714285714286
2025/6/15,班课主页,课程环节点击,我是小老师,5,1438,0.347705146036161
2025/6/18,班课主页,课程环节点击,我是小老师,11,677,1.624815361890694
2025/6/24,班课主页,课程环节点击,我是小老师,7,966,0.724637681159420
2025/6/14,班课主页,课程环节点击,我是小老师,9,3147,0.285986653956149
2025/6/29,班课主页,课程环节点击,我是小老师,1,1208,0.082781456953642
2025/6/6,班课主页,课程环节点击,我是小老师,1,574,0.174216027874564
2025/6/10,班课主页,课程环节点击,我是小老师,1,136,0.735294117647059
2025/6/21,班课主页,课程环节点击,我是小老师,7,4404,0.158946412352407
2025/6/13,班课主页,课程环节点击,我是小老师,13,2357,0.551548578701739
2025/6/23,班课主页,课程环节点击,我是小老师,17,1778,0.956130483689539
2025/6/25,班课主页,课程环节点击,我是小老师,4,930,0.430107526881720
2025/6/19,班课主页,课程环节点击,我是小老师,22,1276,1.724137931034483
2025/7/2,班课主页,课程环节点击,我是小老师,3,710,0.422535211267606
2025/6/7,班课主页,课程环节点击,我是小老师,2,826,0.242130750605327
2025/5/21,班课主页,课程环节点击,我是小老师,3,15,20.000000000000000
2025/6/17,班课主页,课程环节点击,我是小老师,6,589,1.018675721561969
2025/6/30,班课主页,课程环节点击,我是小老师,18,1975,0.911392405063291
2025/5/21,班课主页,课程环节点击,斩词王,3,15,20.000000000000000
2025/6/27,班课主页,课程环节点击,斩词王,1,3544,0.028216704288939
2025/6/10,班课主页,课程环节点击,斩词王,1,136,0.735294117647059
2025/6/21,班课主页,课程环节点击,斩词王,25,4404,0.567665758401453
2025/6/6,班课主页,课程环节点击,斩词王,3,574,0.522648083623693
2025/6/28,班课主页,课程环节点击,斩词王,2,2500,0.080000000000000
2025/6/23,班课主页,课程环节点击,斩词王,1,1778,0.056242969628796
2025/6/1,班课主页,课程环节点击,斩词王,1,69,1.449275362318841
2025/6/8,班课主页,课程环节点击,斩词王,6,439,1.366742596810934
2025/7/1,班课主页,课程环节点击,斩词王,1,839,0.119189511323004
2025/6/17,班课主页,课程环节点击,斩词王,4,589,0.679117147707980
2025/6/20,班课主页,课程环节点击,斩词王,19,3565,0.532959326788219
2025/6/19,班课主页,课程环节点击,斩词王,3,1276,0.235109717868339
2025/6/12,班课主页,课程环节点击,斩词王,1,156,0.641025641025641
2025/6/5,班课主页,课程环节点击,斩词王,1,73,1.369863013698630
2025/6/16,班课主页,课程环节点击,斩词王,2,870,0.229885057471264
2025/6/25,班课主页,课程环节点击,斩词王,3,930,0.322580645161290
2025/6/15,班课主页,课程环节点击,斩词王,14,1438,0.973574408901252
2025/5/30,班课主页,课程环节点击,斩词王,1,91,1.098901098901099
2025/6/13,班课主页,课程环节点击,斩词王,16,2357,0.678829019940602
2025/6/7,班课主页,课程环节点击,斩词王,10,826,1.210653753026634
2025/5/22,班课主页,课程环节点击,斩词王,1,8,12.500000000000000
2025/6/22,班课主页,课程环节点击,斩词王,11,1861,0.591080064481462
2025/6/11,班课主页,课程环节点击,斩词王,3,149,2.013422818791946
2025/6/14,班课主页,课程环节点击,斩词王,23,3147,0.730854782332380
2025/5/31,班课主页,课程环节点击,斩词王,1,87,1.149425287356322
2025/5/26,班课主页,课程环节点击,斩词王,1,15,6.666666666666667
2025/6/12,班课主页,课程环节点击,智学同步练,1,156,0.641025641025641
2025/5/21,班课主页,课程环节点击,智学同步练,2,15,13.333333333333333
2025/6/19,班课主页,课程环节点击,智学同步练,10,1276,0.783699059561129
2025/6/29,班课主页,课程环节点击,智学同步练,10,1208,0.827814569536424
2025/6/25,班课主页,课程环节点击,智学同步练,14,930,1.505376344086022
2025/6/4,班课主页,课程环节点击,智学同步练,1,74,1.351351351351351
2025/6/28,班课主页,课程环节点击,智学同步练,19,2500,0.760000000000000
2025/6/24,班课主页,课程环节点击,智学同步练,14,966,1.449275362318841
2025/6/26,班课主页,课程环节点击,智学同步练,15,1304,1.150306748466258
2025/6/3,班课主页,课程环节点击,智学同步练,1,13,7.692307692307692
2025/6/14,班课主页,课程环节点击,智学同步练,15,3147,0.476644423260248
2025/7/2,班课主页,课程环节点击,智学同步练,5,710,0.704225352112676
2025/6/23,班课主页,课程环节点击,智学同步练,5,1778,0.281214848143982
2025/6/17,班课主页,课程环节点击,智学同步练,10,589,1.697792869269949
2025/6/27,班课主页,课程环节点击,智学同步练,64,3544,1.805869074492099
2025/6/22,班课主页,课程环节点击,智学同步练,8,1861,0.429876410531972
2025/7/1,班课主页,课程环节点击,智学同步练,9,839,1.072705601907032
2025/6/7,班课主页,课程环节点击,智学同步练,1,826,0.121065375302663
2025/6/13,班课主页,课程环节点击,智学同步练,31,2357,1.315231226134917
2025/6/21,班课主页,课程环节点击,智学同步练,17,4404,0.386012715712988
2025/6/16,班课主页,课程环节点击,智学同步练,1,870,0.114942528735632
2025/6/15,班课主页,课程环节点击,智学同步练,9,1438,0.625869262865090
2025/6/30,班课主页,课程环节点击,智学同步练,6,1975,0.303797468354430
2025/6/18,班课主页,课程环节点击,智学同步练,17,677,2.511078286558346
2025/6/10,班课主页,课程环节点击,智学同步练,2,136,1.470588235294118
2025/6/8,班课主页,课程环节点击,智学同步练,1,439,0.227790432801822
2025/6/20,班课主页,课程环节点击,智学同步练,50,3565,1.402524544179523
2025/6/7,班课主页,课程环节点击,添加班主任微信,6,826,0.726392251815981
2025/6/16,班课主页,课程环节点击,添加班主任微信,3,870,0.344827586206897
2025/6/6,班课主页,课程环节点击,添加班主任微信,5,574,0.871080139372822
2025/6/12,班课主页,课程环节点击,添加班主任微信,1,156,0.641025641025641
2025/5/31,班课主页,课程环节点击,添加班主任微信,1,87,1.149425287356322
2025/6/23,班课主页,课程环节点击,添加班主任微信,9,1778,0.506186726659168
2025/6/26,班课主页,课程环节点击,添加班主任微信,3,1304,0.230061349693252
2025/6/20,班课主页,课程环节点击,添加班主任微信,11,3565,0.308555399719495
2025/7/2,班课主页,课程环节点击,添加班主任微信,26,710,3.661971830985915
2025/6/13,班课主页,课程环节点击,添加班主任微信,15,2357,0.636402206194315
2025/6/21,班课主页,课程环节点击,添加班主任微信,31,4404,0.703905540417802
2025/6/24,班课主页,课程环节点击,添加班主任微信,5,966,0.517598343685300
2025/6/15,班课主页,课程环节点击,添加班主任微信,8,1438,0.556328233657858
2025/6/19,班课主页,课程环节点击,添加班主任微信,5,1276,0.391849529780564
2025/6/8,班课主页,课程环节点击,添加班主任微信,6,439,1.366742596810934
2025/6/29,班课主页,课程环节点击,添加班主任微信,19,1208,1.572847682119205
2025/5/21,班课主页,课程环节点击,添加班主任微信,6,15,40.000000000000000
2025/6/25,班课主页,课程环节点击,添加班主任微信,5,930,0.537634408602151
2025/6/28,班课主页,课程环节点击,添加班主任微信,37,2500,1.480000000000000
2025/6/30,班课主页,课程环节点击,添加班主任微信,20,1975,1.012658227848101
2025/6/27,班课主页,课程环节点击,添加班主任微信,26,3544,0.733634311512415
2025/7/1,班课主页,课程环节点击,添加班主任微信,21,839,2.502979737783075
2025/6/18,班课主页,课程环节点击,添加班主任微信,3,677,0.443131462333826
2025/6/14,班课主页,课程环节点击,添加班主任微信,15,3147,0.476644423260248
2025/6/4,班课主页,课程环节点击,添加班主任微信,3,74,4.054054054054054
2025/6/17,班课主页,课程环节点击,添加班主任微信,7,589,1.188455008488964
2025/6/22,班课主页,课程环节点击,添加班主任微信,17,1861,0.913487372380441
2025/6/9,班课主页,课程环节点击,添加班主任微信,2,175,1.142857142857143
2025/5/21,班课主页,课程环节点击,知识回顾,2,15,13.333333333333333
2025/6/19,班课主页,课程环节点击,知识回顾,3,1276,0.235109717868339
2025/6/10,班课主页,课程环节点击,知识回顾,3,136,2.205882352941176
2025/6/21,班课主页,课程环节点击,知识回顾,24,4404,0.544959128065395
2025/7/2,班课主页,课程环节点击,知识回顾,3,710,0.422535211267606
2025/6/12,班课主页,课程环节点击,知识回顾,1,156,0.641025641025641
2025/6/13,班课主页,课程环节点击,知识回顾,15,2357,0.636402206194315
2025/7/1,班课主页,课程环节点击,知识回顾,9,839,1.072705601907032
2025/6/8,班课主页,课程环节点击,知识回顾,1,439,0.227790432801822
2025/6/29,班课主页,课程环节点击,知识回顾,6,1208,0.496688741721854
2025/6/15,班课主页,课程环节点击,知识回顾,4,1438,0.278164116828929
2025/6/30,班课主页,课程环节点击,知识回顾,2,1975,0.101265822784810
2025/6/11,班课主页,课程环节点击,知识回顾,1,149,0.671140939597315
2025/6/28,班课主页,课程环节点击,知识回顾,13,2500,0.520000000000000
2025/6/20,班课主页,课程环节点击,知识回顾,22,3565,0.617110799438990
2025/6/17,班课主页,课程环节点击,知识回顾,6,589,1.018675721561969
2025/6/22,班课主页,课程环节点击,知识回顾,12,1861,0.644814615797958
2025/6/26,班课主页,课程环节点击,知识回顾,7,1304,0.536809815950920
2025/6/24,班课主页,课程环节点击,知识回顾,2,966,0.207039337474120
2025/6/25,班课主页,课程环节点击,知识回顾,6,930,0.645161290322581
2025/6/14,班课主页,课程环节点击,知识回顾,11,3147,0.349539243724182
2025/6/18,班课主页,课程环节点击,知识回顾,13,677,1.920236336779911
2025/6/27,班课主页,课程环节点击,知识回顾,29,3544,0.818284424379233
2025/6/16,班课主页,课程环节点击,知识回顾,1,870,0.114942528735632
2025/6/2,班课主页,课程环节点击,笔记,1,36,2.777777777777778
2025/6/14,班课主页,课程环节点击,笔记,107,3147,3.400063552589768
2025/6/15,班课主页,课程环节点击,笔记,38,1438,2.642559109874826
2025/6/29,班课主页,课程环节点击,笔记,31,1208,2.566225165562914
2025/6/1,班课主页,课程环节点击,笔记,1,69,1.449275362318841
2025/6/24,班课主页,课程环节点击,笔记,32,966,3.312629399585921
2025/5/31,班课主页,课程环节点击,笔记,3,87,3.448275862068966
2025/6/3,班课主页,课程环节点击,笔记,2,13,15.384615384615385
2025/7/2,班课主页,课程环节点击,笔记,14,710,1.971830985915493
2025/6/23,班课主页,课程环节点击,笔记,38,1778,2.137232845894263
2025/6/6,班课主页,课程环节点击,笔记,13,574,2.264808362369338
2025/5/30,班课主页,课程环节点击,笔记,1,91,1.098901098901099
2025/6/27,班课主页,课程环节点击,笔记,194,3544,5.474040632054176
2025/6/22,班课主页,课程环节点击,笔记,57,1861,3.062869425040301
2025/6/26,班课主页,课程环节点击,笔记,74,1304,5.674846625766871
2025/6/25,班课主页,课程环节点击,笔记,52,930,5.591397849462366
2025/5/26,班课主页,课程环节点击,笔记,1,15,6.666666666666667
2025/6/28,班课主页,课程环节点击,笔记,57,2500,2.280000000000000
2025/5/23,班课主页,课程环节点击,笔记,1,3,33.333333333333333
2025/6/7,班课主页,课程环节点击,笔记,38,826,4.600484261501211
2025/6/21,班课主页,课程环节点击,笔记,152,4404,3.451407811080836
2025/7/1,班课主页,课程环节点击,笔记,18,839,2.145411203814064
2025/5/22,班课主页,课程环节点击,笔记,1,8,12.500000000000000
2025/6/20,班课主页,课程环节点击,笔记,178,3565,4.992987377279102
2025/5/21,班课主页,课程环节点击,笔记,3,15,20.000000000000000
2025/6/19,班课主页,课程环节点击,笔记,99,1276,7.758620689655172
2025/6/8,班课主页,课程环节点击,笔记,13,439,2.961275626423690
2025/6/30,班课主页,课程环节点击,笔记,64,1975,3.240506329113924
2025/6/9,班课主页,课程环节点击,笔记,5,175,2.857142857142857
2025/6/10,班课主页,课程环节点击,笔记,5,136,3.676470588235294
2025/6/5,班课主页,课程环节点击,笔记,1,73,1.369863013698630
2025/6/18,班课主页,课程环节点击,笔记,45,677,6.646971935007386
2025/6/11,班课主页,课程环节点击,笔记,5,149,3.355704697986577
2025/6/4,班课主页,课程环节点击,笔记,3,74,4.054054054054054
2025/6/12,班课主页,课程环节点击,笔记,9,156,5.769230769230769
2025/6/17,班课主页,课程环节点击,笔记,37,589,6.281833616298812
2025/6/13,班课主页,课程环节点击,笔记,81,2357,3.436571913449300
2025/6/16,班课主页,课程环节点击,笔记,24,870,2.758620689655172
2025/5/21,班课主页,课程环节点击,线上回测- KET模考1,1,15,6.666666666666667
2025/6/18,班课主页,课程环节点击,背诵小明星,1,677,0.147710487444609
2025/6/13,班课主页,课程环节点击,背诵小明星,3,2357,0.127280441238863
2025/5/21,班课主页,课程环节点击,背诵小明星,3,15,20.000000000000000
2025/6/14,班课主页,课程环节点击,背诵小明星,1,3147,0.031776294884017
2025/6/15,班课主页,课程环节点击,背诵小明星,2,1438,0.139082058414465
2025/6/9,班课主页,课程环节点击,背诵小明星,1,175,0.571428571428571
2025/6/16,班课主页,课程环节点击,能力拓展,1,870,0.114942528735632
2025/6/21,班课主页,课程环节点击,能力拓展,1,4404,0.022706630336058
2025/5/21,班课主页,课程环节点击,能力拓展,2,15,13.333333333333333
2025/6/14,班课主页,课程环节点击,能力拓展,1,3147,0.031776294884017
2025/6/9,班课主页,课程环节点击,角色扮演,1,175,0.571428571428571
2025/5/21,班课主页,课程环节点击,角色扮演,2,15,13.333333333333333
2025/6/23,班课主页,课程环节点击,评估,2,1778,0.112485939257593
2025/6/26,班课主页,课程环节点击,评估,4,1304,0.306748466257669
2025/6/27,班课主页,课程环节点击,评估,7,3544,0.197516930022573
2025/7/1,班课主页,课程环节点击,评估,7,839,0.834326579261025
2025/6/22,班课主页,课程环节点击,评估,3,1861,0.161203653949490
2025/6/19,班课主页,课程环节点击,评估,1,1276,0.078369905956113
2025/5/21,班课主页,课程环节点击,评估,6,15,40.000000000000000
2025/6/28,班课主页,课程环节点击,评估,25,2500,1.000000000000000
2025/6/9,班课主页,课程环节点击,评估,2,175,1.142857142857143
2025/6/12,班课主页,课程环节点击,评估,1,156,0.641025641025641
2025/5/30,班课主页,课程环节点击,评估,1,91,1.098901098901099
2025/7/2,班课主页,课程环节点击,评估,4,710,0.563380281690141
2025/6/30,班课主页,课程环节点击,评估,10,1975,0.506329113924051
2025/6/8,班课主页,课程环节点击,评估,1,439,0.227790432801822
2025/6/15,班课主页,课程环节点击,评估,1,1438,0.069541029207232
2025/6/29,班课主页,课程环节点击,评估,15,1208,1.241721854304636
2025/6/11,班课主页,课程环节点击,评估,1,149,0.671140939597315
2025/6/21,班课主页,课程环节点击,评估,4,4404,0.090826521344233
2025/6/14,班课主页,课程环节点击,评估,3,3147,0.095328884652050
2025/6/13,班课主页,课程环节点击,评估,3,2357,0.127280441238863
2025/5/26,班课主页,课程环节点击,评估,1,15,6.666666666666667
2025/6/6,班课主页,课程环节点击,词汇充电站,2,574,0.348432055749129
2025/6/13,班课主页,课程环节点击,词汇充电站,27,2357,1.145523971149767
2025/6/28,班课主页,课程环节点击,词汇充电站,15,2500,0.600000000000000
2025/6/8,班课主页,课程环节点击,词汇充电站,14,439,3.189066059225513
2025/6/24,班课主页,课程环节点击,词汇充电站,2,966,0.207039337474120
2025/6/7,班课主页,课程环节点击,词汇充电站,37,826,4.479418886198547
2025/5/21,班课主页,课程环节点击,词汇充电站,1,15,6.666666666666667
2025/6/25,班课主页,课程环节点击,词汇充电站,2,930,0.215053763440860
2025/6/19,班课主页,课程环节点击,词汇充电站,5,1276,0.391849529780564
2025/6/10,班课主页,课程环节点击,词汇充电站,2,136,1.470588235294118
2025/6/18,班课主页,课程环节点击,词汇充电站,2,677,0.295420974889217
2025/6/27,班课主页,课程环节点击,词汇充电站,7,3544,0.197516930022573
2025/6/9,班课主页,课程环节点击,词汇充电站,3,175,1.714285714285714
2025/6/20,班课主页,课程环节点击,词汇充电站,27,3565,0.757363253856942
2025/6/29,班课主页,课程环节点击,词汇充电站,6,1208,0.496688741721854
2025/6/21,班课主页,课程环节点击,词汇充电站,133,4404,3.019981834695731
2025/6/17,班课主页,课程环节点击,词汇充电站,6,589,1.018675721561969
2025/6/14,班课主页,课程环节点击,词汇充电站,109,3147,3.463616142357801
2025/6/22,班课主页,课程环节点击,词汇充电站,72,1861,3.868887694787749
2025/7/1,班课主页,课程环节点击,词汇充电站,2,839,0.238379022646007
2025/6/30,班课主页,课程环节点击,词汇充电站,1,1975,0.050632911392405
2025/6/15,班课主页,课程环节点击,词汇充电站,54,1438,3.755215577190542
2025/7/2,班课主页,课程环节点击,词汇充电站,3,710,0.422535211267606
2025/6/23,班课主页,课程环节点击,词汇充电站,10,1778,0.562429696287964
2025/6/16,班课主页,课程环节点击,词汇充电站,1,870,0.114942528735632
2025/5/21,班课主页,课程环节点击,读书指南,1,15,6.666666666666667
2025/7/2,班课主页,课程环节点击,读写深度训练,3,710,0.422535211267606
2025/5/21,班课主页,课程环节点击,读写深度训练,1,15,6.666666666666667
2025/6/28,班课主页,课程环节点击,读写深度训练,2,2500,0.080000000000000
2025/6/30,班课主页,课程环节点击,读写深度训练,2,1975,0.101265822784810
2025/5/26,班课主页,课程环节点击,读写深度训练,1,15,6.666666666666667
2025/6/27,班课主页,课程环节点击,读写深度训练,2,3544,0.056433408577878
2025/6/29,班课主页,课程环节点击,读写深度训练,1,1208,0.082781456953642
2025/5/30,班课主页,课程环节点击,读写深度训练,1,91,1.098901098901099
2025/6/27,班课主页,课程环节点击,课前评估,4,3544,0.112866817155756
2025/6/28,班课主页,课程环节点击,课前评估,11,2500,0.440000000000000
2025/6/20,班课主页,课程环节点击,课前评估,3,3565,0.084151472650771
2025/6/15,班课主页,课程环节点击,课前评估,2,1438,0.139082058414465
2025/6/7,班课主页,课程环节点击,课前评估,3,826,0.363196125907990
2025/7/2,班课主页,课程环节点击,课前评估,6,710,0.845070422535211
2025/6/21,班课主页,课程环节点击,课前评估,8,4404,0.181653042688465
2025/6/25,班课主页,课程环节点击,课前评估,1,930,0.107526881720430
2025/6/22,班课主页,课程环节点击,课前评估,1,1861,0.053734551316497
2025/6/30,班课主页,课程环节点击,课前评估,1,1975,0.050632911392405
2025/7/1,班课主页,课程环节点击,课前评估,1,839,0.119189511323004
2025/6/23,班课主页,课程环节点击,课前评估,2,1778,0.112485939257593
2025/5/30,班课主页,课程环节点击,课前评估,1,91,1.098901098901099
2025/6/26,班课主页,课程环节点击,课前评估,3,1304,0.230061349693252
2025/6/13,班课主页,课程环节点击,课前评估,1,2357,0.042426813746288
2025/6/29,班课主页,课程环节点击,课前评估,3,1208,0.248344370860927
2025/6/24,班课主页,课程环节点击,课前评估,1,966,0.103519668737060
2025/6/19,班课主页,课程环节点击,课前评估,1,1276,0.078369905956113
2025/5/21,班课主页,课程环节点击,课前评估,4,15,26.666666666666667
2025/6/26,班课主页,课程环节点击,课前预习,533,1304,40.874233128834356
2025/6/27,班课主页,课程环节点击,课前预习,2484,3544,70.090293453724605
2025/6/5,班课主页,课程环节点击,课前预习,38,73,52.054794520547945
2025/6/3,班课主页,课程环节点击,课前预习,9,13,69.230769230769231
2025/5/31,班课主页,课程环节点击,课前预习,13,87,14.942528735632184
2025/7/2,班课主页,课程环节点击,课前预习,230,710,32.394366197183099
2025/6/6,班课主页,课程环节点击,课前预习,226,574,39.372822299651568
2025/5/30,班课主页,课程环节点击,课前预习,6,91,6.593406593406593
2025/5/29,班课主页,课程环节点击,课前预习,3,10,30.000000000000000
2025/6/7,班课主页,课程环节点击,课前预习,290,826,35.108958837772397
2025/5/28,班课主页,课程环节点击,课前预习,1,3,33.333333333333333
2025/7/1,班课主页,课程环节点击,课前预习,244,839,29.082240762812872
2025/5/26,班课主页,课程环节点击,课前预习,3,15,20.000000000000000
2025/5/23,班课主页,课程环节点击,课前预习,1,3,33.333333333333333
2025/5/22,班课主页,课程环节点击,课前预习,3,8,37.500000000000000
2025/6/8,班课主页,课程环节点击,课前预习,165,439,37.585421412300683
2025/5/21,班课主页,课程环节点击,课前预习,8,15,53.333333333333333
2025/6/4,班课主页,课程环节点击,课前预习,43,74,58.108108108108108
2025/5/20,班课主页,课程环节点击,课前预习,2,3,66.666666666666667
2025/6/9,班课主页,课程环节点击,课前预习,39,175,22.285714285714286
2025/6/10,班课主页,课程环节点击,课前预习,51,136,37.500000000000000
2025/6/2,班课主页,课程环节点击,课前预习,8,36,22.222222222222222
2025/6/11,班课主页,课程环节点击,课前预习,64,149,42.953020134228188
2025/6/12,班课主页,课程环节点击,课前预习,72,156,46.153846153846154
2025/6/30,班课主页,课程环节点击,课前预习,250,1975,12.658227848101266
2025/6/13,班课主页,课程环节点击,课前预习,1316,2357,55.833686890114552
2025/6/14,班课主页,课程环节点击,课前预习,1185,3147,37.654909437559581
2025/6/15,班课主页,课程环节点击,课前预习,644,1438,44.784422809457580
2025/6/16,班课主页,课程环节点击,课前预习,125,870,14.367816091954023
2025/6/29,班课主页,课程环节点击,课前预习,496,1208,41.059602649006623
2025/6/17,班课主页,课程环节点击,课前预习,224,589,38.030560271646859
2025/6/18,班课主页,课程环节点击,课前预习,341,677,50.369276218611521
2025/6/19,班课主页,课程环节点击,课前预习,728,1276,57.053291536050157
2025/6/20,班课主页,课程环节点击,课前预习,2103,3565,58.990182328190743
2025/6/28,班课主页,课程环节点击,课前预习,1355,2500,54.200000000000000
2025/6/21,班课主页,课程环节点击,课前预习,1672,4404,37.965485921889192
2025/6/22,班课主页,课程环节点击,课前预习,896,1861,48.146157979580870
2025/6/1,班课主页,课程环节点击,课前预习,9,69,13.043478260869565
2025/6/23,班课主页,课程环节点击,课前预习,190,1778,10.686164229471316
2025/6/24,班课主页,课程环节点击,课前预习,273,966,28.260869565217391
2025/6/25,班课主页,课程环节点击,课前预习,358,930,38.494623655913978
2025/5/31,班课主页,课程环节点击,课后练习册,3,87,3.448275862068966
2025/6/24,班课主页,课程环节点击,课后练习册,5,966,0.517598343685300
2025/6/27,班课主页,课程环节点击,课后练习册,51,3544,1.439051918735892
2025/6/29,班课主页,课程环节点击,课后练习册,7,1208,0.579470198675497
2025/6/15,班课主页,课程环节点击,课后练习册,19,1438,1.321279554937413
2025/6/2,班课主页,课程环节点击,课后练习册,1,36,2.777777777777778
2025/6/14,班课主页,课程环节点击,课后练习册,48,3147,1.525262154432793
2025/6/18,班课主页,课程环节点击,课后练习册,11,677,1.624815361890694
2025/6/10,班课主页,课程环节点击,课后练习册,2,136,1.470588235294118
2025/6/28,班课主页,课程环节点击,课后练习册,5,2500,0.200000000000000
2025/6/19,班课主页,课程环节点击,课后练习册,29,1276,2.272727272727273
2025/6/25,班课主页,课程环节点击,课后练习册,8,930,0.860215053763441
2025/6/9,班课主页,课程环节点击,课后练习册,1,175,0.571428571428571
2025/5/21,班课主页,课程环节点击,课后练习册,3,15,20.000000000000000
2025/6/26,班课主页,课程环节点击,课后练习册,19,1304,1.457055214723926
2025/6/30,班课主页,课程环节点击,课后练习册,3,1975,0.151898734177215
2025/6/13,班课主页,课程环节点击,课后练习册,37,2357,1.569792108612643
2025/6/20,班课主页,课程环节点击,课后练习册,45,3565,1.262272089761571
2025/6/8,班课主页,课程环节点击,课后练习册,2,439,0.455580865603645
2025/6/17,班课主页,课程环节点击,课后练习册,6,589,1.018675721561969
2025/7/2,班课主页,课程环节点击,课后练习册,2,710,0.281690140845070
2025/6/21,班课主页,课程环节点击,课后练习册,70,4404,1.589464123524069
2025/5/26,班课主页,课程环节点击,课后练习册,2,15,13.333333333333333
2025/7/1,班课主页,课程环节点击,课后练习册,3,839,0.357568533969011
2025/6/7,班课主页,课程环节点击,课后练习册,14,826,1.694915254237288
2025/6/22,班课主页,课程环节点击,课后练习册,20,1861,1.074691026329930
2025/6/6,班课主页,课程环节点击,课后练习册,8,574,1.393728222996516
2025/5/30,班课主页,课程环节点击,课后练习册,1,91,1.098901098901099
2025/6/23,班课主页,课程环节点击,课后练习册,7,1778,0.393700787401575
2025/6/11,班课主页,课程环节点击,课后练习册,1,149,0.671140939597315
2025/6/30,班课主页,课程环节点击,课堂笔记,3,1975,0.151898734177215
2025/6/9,班课主页,课程环节点击,课堂笔记,1,175,0.571428571428571
2025/5/29,班课主页,课程环节点击,课堂笔记,1,10,10.000000000000000
2025/6/28,班课主页,课程环节点击,课堂笔记,36,2500,1.440000000000000
2025/5/31,班课主页,课程环节点击,课堂笔记,1,87,1.149425287356322
2025/6/16,班课主页,课程环节点击,课堂笔记,4,870,0.459770114942529
2025/6/6,班课主页,课程环节点击,课堂笔记,9,574,1.567944250871080
2025/6/23,班课主页,课程环节点击,课堂笔记,3,1778,0.168728908886389
2025/6/24,班课主页,课程环节点击,课堂笔记,6,966,0.621118012422360
2025/6/5,班课主页,课程环节点击,课堂笔记,1,73,1.369863013698630
2025/6/19,班课主页,课程环节点击,课堂笔记,3,1276,0.235109717868339
2025/7/2,班课主页,课程环节点击,课堂笔记,8,710,1.126760563380282
2025/6/1,班课主页,课程环节点击,课堂笔记,2,69,2.898550724637681
2025/6/13,班课主页,课程环节点击,课堂笔记,83,2357,3.521425540941875
2025/6/27,班课主页,课程环节点击,课堂笔记,38,3544,1.072234762979684
2025/6/4,班课主页,课程环节点击,课堂笔记,1,74,1.351351351351351
2025/6/25,班课主页,课程环节点击,课堂笔记,7,930,0.752688172043011
2025/6/10,班课主页,课程环节点击,课堂笔记,2,136,1.470588235294118
2025/6/29,班课主页,课程环节点击,课堂笔记,3,1208,0.248344370860927
2025/6/8,班课主页,课程环节点击,课堂笔记,10,439,2.277904328018223
2025/6/26,班课主页,课程环节点击,课堂笔记,4,1304,0.306748466257669
2025/5/30,班课主页,课程环节点击,课堂笔记,1,91,1.098901098901099
2025/6/18,班课主页,课程环节点击,课堂笔记,8,677,1.181683899556869
2025/6/15,班课主页,课程环节点击,课堂笔记,66,1438,4.589707927677330
2025/6/20,班课主页,课程环节点击,课堂笔记,117,3565,3.281907433380084
2025/6/14,班课主页,课程环节点击,课堂笔记,182,3147,5.783285668891007
2025/6/21,班课主页,课程环节点击,课堂笔记,253,4404,5.744777475022707
2025/6/12,班课主页,课程环节点击,课堂笔记,2,156,1.282051282051282
2025/7/1,班课主页,课程环节点击,课堂笔记,7,839,0.834326579261025
2025/6/7,班课主页,课程环节点击,课堂笔记,42,826,5.084745762711864
2025/6/22,班课主页,课程环节点击,课堂笔记,87,1861,4.674905964535196
2025/6/17,班课主页,课程环节点击,课堂笔记,3,589,0.509337860780985
2025/6/6,班课主页,课程环节点击,配音小达人,4,574,0.696864111498258
2025/6/25,班课主页,课程环节点击,配音小达人,5,930,0.537634408602151
2025/6/15,班课主页,课程环节点击,配音小达人,4,1438,0.278164116828929
2025/6/21,班课主页,课程环节点击,配音小达人,22,4404,0.499545867393279
2025/6/19,班课主页,课程环节点击,配音小达人,2,1276,0.156739811912226
2025/6/16,班课主页,课程环节点击,配音小达人,1,870,0.114942528735632
2025/6/12,班课主页,课程环节点击,配音小达人,2,156,1.282051282051282
2025/6/22,班课主页,课程环节点击,配音小达人,10,1861,0.537345513164965
2025/6/11,班课主页,课程环节点击,配音小达人,2,149,1.342281879194631
2025/5/31,班课主页,课程环节点击,配音小达人,1,87,1.149425287356322
2025/6/28,班课主页,课程环节点击,配音小达人,5,2500,0.200000000000000
2025/6/14,班课主页,课程环节点击,配音小达人,3,3147,0.095328884652050
2025/6/18,班课主页,课程环节点击,配音小达人,1,677,0.147710487444609
2025/6/26,班课主页,课程环节点击,配音小达人,3,1304,0.230061349693252
2025/6/20,班课主页,课程环节点击,配音小达人,17,3565,0.476858345021038
2025/5/21,班课主页,课程环节点击,配音小达人,3,15,20.000000000000000
2025/6/8,班课主页,课程环节点击,配音小达人,2,439,0.455580865603645
2025/6/17,班课主页,课程环节点击,配音小达人,3,589,0.509337860780985
2025/6/13,班课主页,课程环节点击,配音小达人,2,2357,0.084853627492575
2025/6/27,班课主页,课程环节点击,配音小达人,2,3544,0.056433408577878
2025/6/24,班课主页,课程环节点击,配音小达人,1,966,0.103519668737060
2025/7/2,班课主页,课程环节点击,配音小达人,1,710,0.140845070422535
2025/6/7,班课主页,课程环节点击,配音小达人,9,826,1.089588377723971
2025/6/9,班课主页,课程环节点击,配音小达人,1,175,0.571428571428571
2025/5/30,班课主页,课程环节点击,配音小达人,1,91,1.098901098901099
2025/6/10,班课主页,课程环节点击,配音小达人,1,136,0.735294117647059
2025/6/27,班课主页,课程环节点击,阅读表达课前评估,1,3544,0.028216704288939
2025/6/15,班课主页,课程环节点击,阶段评估,72,1438,5.006954102920723
2025/6/16,班课主页,课程环节点击,阶段评估,14,870,1.609195402298851
2025/6/27,班课主页,课程环节点击,阶段评估,702,3544,19.808126410835214
2025/6/6,班课主页,课程环节点击,阶段评估,40,574,6.968641114982578
2025/6/2,班课主页,课程环节点击,阶段评估,1,36,2.777777777777778
2025/5/30,班课主页,课程环节点击,阶段评估,2,91,2.197802197802198
2025/6/25,班课主页,课程环节点击,阶段评估,39,930,4.193548387096774
2025/7/1,班课主页,课程环节点击,阶段评估,37,839,4.410011918951132
2025/6/4,班课主页,课程环节点击,阶段评估,12,74,16.216216216216216
2025/6/21,班课主页,课程环节点击,阶段评估,472,4404,10.717529518619437
2025/6/29,班课主页,课程环节点击,阶段评估,173,1208,14.321192052980132
2025/6/30,班课主页,课程环节点击,阶段评估,86,1975,4.354430379746835
2025/6/22,班课主页,课程环节点击,阶段评估,239,1861,12.842557764642665
2025/6/18,班课主页,课程环节点击,阶段评估,33,677,4.874446085672083
2025/7/2,班课主页,课程环节点击,阶段评估,34,710,4.788732394366197
2025/6/17,班课主页,课程环节点击,阶段评估,18,589,3.056027164685908
2025/6/26,班课主页,课程环节点击,阶段评估,88,1304,6.748466257668712
2025/5/22,班课主页,课程环节点击,阶段评估,1,8,12.500000000000000
2025/6/13,班课主页,课程环节点击,阶段评估,56,2357,2.375901569792109
2025/6/19,班课主页,课程环节点击,阶段评估,53,1276,4.153605015673981
2025/5/21,班课主页,课程环节点击,阶段评估,4,15,26.666666666666667
2025/6/7,班课主页,课程环节点击,阶段评估,66,826,7.990314769975787
2025/6/10,班课主页,课程环节点击,阶段评估,9,136,6.617647058823529
2025/6/9,班课主页,课程环节点击,阶段评估,5,175,2.857142857142857
2025/6/23,班课主页,课程环节点击,阶段评估,275,1778,15.466816647919010
2025/6/28,班课主页,课程环节点击,阶段评估,694,2500,27.760000000000000
2025/6/20,班课主页,课程环节点击,阶段评估,241,3565,6.760168302945302
2025/5/23,班课主页,课程环节点击,阶段评估,1,3,33.333333333333333
2025/6/11,班课主页,课程环节点击,阶段评估,4,149,2.684563758389262
2025/6/5,班课主页,课程环节点击,阶段评估,4,73,5.479452054794521
2025/6/24,班课主页,课程环节点击,阶段评估,69,966,7.142857142857143
2025/6/8,班课主页,课程环节点击,阶段评估,28,439,6.378132118451025
2025/5/26,班课主页,课程环节点击,阶段评估,1,15,6.666666666666667
2025/6/12,班课主页,课程环节点击,阶段评估,5,156,3.205128205128205
2025/6/14,班课主页,课程环节点击,阶段评估,182,3147,5.783285668891007
2025/6/15,班课主页,课程环节点击,随堂探究,167,1438,11.613351877607789
2025/6/11,班课主页,课程环节点击,随堂探究,2,149,1.342281879194631
2025/6/14,班课主页,课程环节点击,随堂探究,460,3147,14.617095646647601
2025/6/18,班课主页,课程环节点击,随堂探究,45,677,6.646971935007386
2025/6/10,班课主页,课程环节点击,随堂探究,11,136,8.088235294117647
2025/6/30,班课主页,课程环节点击,随堂探究,98,1975,4.962025316455696
2025/6/27,班课主页,课程环节点击,随堂探究,214,3544,6.038374717832957
2025/6/16,班课主页,课程环节点击,随堂探究,39,870,4.482758620689655
2025/5/30,班课主页,课程环节点击,随堂探究,3,91,3.296703296703297
2025/5/21,班课主页,课程环节点击,随堂探究,6,15,40.000000000000000
2025/6/9,班课主页,课程环节点击,随堂探究,8,175,4.571428571428571
2025/6/2,班课主页,课程环节点击,随堂探究,1,36,2.777777777777778
2025/6/23,班课主页,课程环节点击,随堂探究,46,1778,2.587176602924634
2025/6/19,班课主页,课程环节点击,随堂探究,83,1276,6.504702194357367
2025/6/13,班课主页,课程环节点击,随堂探究,271,2357,11.497666525243954
2025/6/8,班课主页,课程环节点击,随堂探究,27,439,6.150341685649203
2025/6/29,班课主页,课程环节点击,随堂探究,45,1208,3.725165562913907
2025/5/31,班课主页,课程环节点击,随堂探究,11,87,12.643678160919540
2025/7/1,班课主页,课程环节点击,随堂探究,31,839,3.694874851013111
2025/6/20,班课主页,课程环节点击,随堂探究,449,3565,12.594670406732118
2025/6/12,班课主页,课程环节点击,随堂探究,5,156,3.205128205128205
2025/5/22,班课主页,课程环节点击,随堂探究,2,8,25.000000000000000
2025/6/21,班课主页,课程环节点击,随堂探究,651,4404,14.782016348773842
2025/5/26,班课主页,课程环节点击,随堂探究,2,15,13.333333333333333
2025/6/1,班课主页,课程环节点击,随堂探究,1,69,1.449275362318841
2025/6/6,班课主页,课程环节点击,随堂探究,21,574,3.658536585365854
2025/6/7,班课主页,课程环节点击,随堂探究,69,826,8.353510895883777
2025/6/22,班课主页,课程环节点击,随堂探究,242,1861,13.003761418592155
2025/5/29,班课主页,课程环节点击,随堂探究,2,10,20.000000000000000
2025/6/5,班课主页,课程环节点击,随堂探究,2,73,2.739726027397260
2025/6/17,班课主页,课程环节点击,随堂探究,39,589,6.621392190152801
2025/7/2,班课主页,课程环节点击,随堂探究,22,710,3.098591549295775
2025/6/24,班课主页,课程环节点击,随堂探究,39,966,4.037267080745342
2025/6/4,班课主页,课程环节点击,随堂探究,5,74,6.756756756756757
2025/6/25,班课主页,课程环节点击,随堂探究,39,930,4.193548387096774
2025/6/28,班课主页,课程环节点击,随堂探究,135,2500,5.400000000000000
2025/6/26,班课主页,课程环节点击,随堂探究,70,1304,5.368098159509202
2025/6/30,班课主页,课程环节点击,预习视频,1,1975,0.050632911392405
2025/6/27,班课主页,课程环节点击,预习视频,1,3544,0.028216704288939
2025/6/21,班课主页,金刚位功能点击,排行榜,371,4404,8.424159854677566
2025/6/27,班课主页,金刚位功能点击,排行榜,278,3544,7.844243792325056
2025/6/13,班课主页,金刚位功能点击,排行榜,226,2357,9.588459906661010
2025/6/16,班课主页,金刚位功能点击,排行榜,79,870,9.080459770114943
2025/6/12,班课主页,金刚位功能点击,排行榜,15,156,9.615384615384615
2025/6/17,班课主页,金刚位功能点击,排行榜,40,589,6.791171477079796
2025/7/2,班课主页,金刚位功能点击,排行榜,45,710,6.338028169014085
2025/6/11,班课主页,金刚位功能点击,排行榜,15,149,10.067114093959732
2025/6/10,班课主页,金刚位功能点击,排行榜,8,136,5.882352941176471
2025/6/18,班课主页,金刚位功能点击,排行榜,44,677,6.499261447562777
2025/5/20,班课主页,金刚位功能点击,排行榜,1,3,33.333333333333333
2025/6/9,班课主页,金刚位功能点击,排行榜,21,175,12.000000000000000
2025/6/19,班课主页,金刚位功能点击,排行榜,114,1276,8.934169278996865
2025/5/21,班课主页,金刚位功能点击,排行榜,5,15,33.333333333333333
2025/6/2,班课主页,金刚位功能点击,排行榜,6,36,16.666666666666667
2025/6/4,班课主页,金刚位功能点击,排行榜,13,74,17.567567567567568
2025/6/30,班课主页,金刚位功能点击,排行榜,131,1975,6.632911392405063
2025/6/20,班课主页,金刚位功能点击,排行榜,229,3565,6.423562412342216
2025/6/8,班课主页,金刚位功能点击,排行榜,44,439,10.022779043280182
2025/6/28,班课主页,金刚位功能点击,排行榜,221,2500,8.840000000000000
2025/7/1,班课主页,金刚位功能点击,排行榜,54,839,6.436233611442193
2025/6/7,班课主页,金刚位功能点击,排行榜,97,826,11.743341404358354
2025/5/22,班课主页,金刚位功能点击,排行榜,2,8,25.000000000000000
2025/5/26,班课主页,金刚位功能点击,排行榜,3,15,20.000000000000000
2025/5/28,班课主页,金刚位功能点击,排行榜,1,3,33.333333333333333
2025/5/29,班课主页,金刚位功能点击,排行榜,2,10,20.000000000000000
2025/6/6,班课主页,金刚位功能点击,排行榜,68,574,11.846689895470383
2025/6/22,班课主页,金刚位功能点击,排行榜,167,1861,8.973670069854917
2025/5/30,班课主页,金刚位功能点击,排行榜,11,91,12.087912087912088
2025/6/23,班课主页,金刚位功能点击,排行榜,158,1778,8.886389201349831
2025/5/31,班课主页,金刚位功能点击,排行榜,6,87,6.896551724137931
2025/6/26,班课主页,金刚位功能点击,排行榜,67,1304,5.138036809815951
2025/6/5,班课主页,金刚位功能点击,排行榜,8,73,10.958904109589041
2025/6/1,班课主页,金刚位功能点击,排行榜,6,69,8.695652173913043
2025/6/24,班课主页,金刚位功能点击,排行榜,65,966,6.728778467908903
2025/6/25,班课主页,金刚位功能点击,排行榜,39,930,4.193548387096774
2025/6/15,班课主页,金刚位功能点击,排行榜,119,1438,8.275382475660640
2025/6/14,班课主页,金刚位功能点击,排行榜,342,3147,10.867492850333651
2025/6/29,班课主页,金刚位功能点击,排行榜,100,1208,8.278145695364238
2025/6/3,班课主页,金刚位功能点击,未知,1,13,7.692307692307692
2025/6/4,班课主页,金刚位功能点击,未知,4,74,5.405405405405405
2025/6/2,班课主页,金刚位功能点击,未知,1,36,2.777777777777778
2025/6/1,班课主页,金刚位功能点击,未知,2,69,2.898550724637681
2025/5/31,班课主页,金刚位功能点击,未知,2,87,2.298850574712644
2025/6/5,班课主页,金刚位功能点击,未知,2,73,2.739726027397260
2025/7/2,班课主页,金刚位功能点击,未知,5,710,0.704225352112676
2025/6/7,班课主页,金刚位功能点击,未知,20,826,2.421307506053269
2025/5/26,班课主页,金刚位功能点击,未知,1,15,6.666666666666667
2025/5/21,班课主页,金刚位功能点击,未知,2,15,13.333333333333333
2025/6/8,班课主页,金刚位功能点击,未知,5,439,1.138952164009112
2025/6/9,班课主页,金刚位功能点击,未知,1,175,0.571428571428571
2025/6/10,班课主页,金刚位功能点击,未知,1,136,0.735294117647059
2025/6/11,班课主页,金刚位功能点击,未知,2,149,1.342281879194631
2025/6/12,班课主页,金刚位功能点击,未知,5,156,3.205128205128205
2025/6/13,班课主页,金刚位功能点击,未知,10,2357,0.424268137462877
2025/6/14,班课主页,金刚位功能点击,未知,34,3147,1.080394026056562
2025/6/15,班课主页,金刚位功能点击,未知,17,1438,1.182197496522949
2025/6/16,班课主页,金刚位功能点击,未知,3,870,0.344827586206897
2025/6/17,班课主页,金刚位功能点击,未知,2,589,0.339558573853990
2025/6/18,班课主页,金刚位功能点击,未知,4,677,0.590841949778434
2025/6/19,班课主页,金刚位功能点击,未知,12,1276,0.940438871473354
2025/6/20,班课主页,金刚位功能点击,未知,4,3565,0.112201963534362
2025/6/21,班课主页,金刚位功能点击,未知,36,4404,0.817438692098093
2025/6/22,班课主页,金刚位功能点击,未知,13,1861,0.698549167114455
2025/6/23,班课主页,金刚位功能点击,未知,8,1778,0.449943757030371
2025/6/24,班课主页,金刚位功能点击,未知,2,966,0.207039337474120
2025/6/25,班课主页,金刚位功能点击,未知,1,930,0.107526881720430
2025/6/26,班课主页,金刚位功能点击,未知,3,1304,0.230061349693252
2025/6/27,班课主页,金刚位功能点击,未知,5,3544,0.141083521444695
2025/6/28,班课主页,金刚位功能点击,未知,7,2500,0.280000000000000
2025/6/29,班课主页,金刚位功能点击,未知,3,1208,0.248344370860927
2025/6/30,班课主页,金刚位功能点击,未知,3,1975,0.151898734177215
2025/7/1,班课主页,金刚位功能点击,未知,4,839,0.476758045292014
2025/6/16,班课主页,金刚位功能点击,标记记录,26,870,2.988505747126437
2025/6/19,班课主页,金刚位功能点击,标记记录,31,1276,2.429467084639498
2025/6/27,班课主页,金刚位功能点击,标记记录,84,3544,2.370203160270880
2025/7/1,班课主页,金刚位功能点击,标记记录,21,839,2.502979737783075
2025/6/29,班课主页,金刚位功能点击,标记记录,38,1208,3.145695364238411
2025/6/15,班课主页,金刚位功能点击,标记记录,29,1438,2.016689847009736
2025/6/7,班课主页,金刚位功能点击,标记记录,34,826,4.116222760290557
2025/6/14,班课主页,金刚位功能点击,标记记录,99,3147,3.145853193517636
2025/5/29,班课主页,金刚位功能点击,标记记录,1,10,10.000000000000000
2025/7/2,班课主页,金刚位功能点击,标记记录,16,710,2.253521126760563
2025/6/13,班课主页,金刚位功能点击,标记记录,78,2357,3.309291472210437
2025/6/21,班课主页,金刚位功能点击,标记记录,110,4404,2.497729336966394
2025/5/31,班课主页,金刚位功能点击,标记记录,4,87,4.597701149425287
2025/6/17,班课主页,金刚位功能点击,标记记录,19,589,3.225806451612903
2025/6/23,班课主页,金刚位功能点击,标记记录,57,1778,3.205849268841395
2025/5/22,班课主页,金刚位功能点击,标记记录,1,8,12.500000000000000
2025/6/12,班课主页,金刚位功能点击,标记记录,1,156,0.641025641025641
2025/6/24,班课主页,金刚位功能点击,标记记录,19,966,1.966873706004141
2025/6/4,班课主页,金刚位功能点击,标记记录,7,74,9.459459459459459
2025/6/2,班课主页,金刚位功能点击,标记记录,1,36,2.777777777777778
2025/6/11,班课主页,金刚位功能点击,标记记录,1,149,0.671140939597315
2025/6/10,班课主页,金刚位功能点击,标记记录,6,136,4.411764705882353
2025/6/20,班课主页,金刚位功能点击,标记记录,67,3565,1.879382889200561
2025/6/30,班课主页,金刚位功能点击,标记记录,38,1975,1.924050632911392
2025/6/22,班课主页,金刚位功能点击,标记记录,40,1861,2.149382052659860
2025/6/9,班课主页,金刚位功能点击,标记记录,6,175,3.428571428571429
2025/6/1,班课主页,金刚位功能点击,标记记录,4,69,5.797101449275362
2025/6/5,班课主页,金刚位功能点击,标记记录,3,73,4.109589041095890
2025/6/18,班课主页,金刚位功能点击,标记记录,17,677,2.511078286558346
2025/6/28,班课主页,金刚位功能点击,标记记录,49,2500,1.960000000000000
2025/6/8,班课主页,金刚位功能点击,标记记录,14,439,3.189066059225513
2025/6/25,班课主页,金刚位功能点击,标记记录,13,930,1.397849462365591
2025/5/21,班课主页,金刚位功能点击,标记记录,5,15,33.333333333333333
2025/6/26,班课主页,金刚位功能点击,标记记录,16,1304,1.226993865030675
2025/6/6,班课主页,金刚位功能点击,标记记录,19,574,3.310104529616725
2025/5/30,班课主页,金刚位功能点击,标记记录,4,91,4.395604395604396
2025/6/25,班课主页,金刚位功能点击,课堂检测,30,930,3.225806451612903
2025/5/22,班课主页,金刚位功能点击,课堂检测,1,8,12.500000000000000
2025/7/1,班课主页,金刚位功能点击,课堂检测,23,839,2.741358760429082
2025/6/19,班课主页,金刚位功能点击,课堂检测,52,1276,4.075235109717868
2025/5/26,班课主页,金刚位功能点击,课堂检测,1,15,6.666666666666667
2025/6/7,班课主页,金刚位功能点击,课堂检测,55,826,6.658595641646489
2025/6/18,班课主页,金刚位功能点击,课堂检测,30,677,4.431314623338257
2025/5/29,班课主页,金刚位功能点击,课堂检测,3,10,30.000000000000000
2025/5/30,班课主页,金刚位功能点击,课堂检测,5,91,5.494505494505495
2025/6/6,班课主页,金刚位功能点击,课堂检测,36,574,6.271777003484321
2025/7/2,班课主页,金刚位功能点击,课堂检测,29,710,4.084507042253521
2025/6/17,班课主页,金刚位功能点击,课堂检测,28,589,4.753820033955857
2025/5/31,班课主页,金刚位功能点击,课堂检测,5,87,5.747126436781609
2025/6/1,班课主页,金刚位功能点击,课堂检测,3,69,4.347826086956522
2025/6/5,班课主页,金刚位功能点击,课堂检测,6,73,8.219178082191781
2025/6/16,班课主页,金刚位功能点击,课堂检测,46,870,5.287356321839080
2025/6/26,班课主页,金刚位功能点击,课堂检测,33,1304,2.530674846625767
2025/6/29,班课主页,金刚位功能点击,课堂检测,69,1208,5.711920529801325
2025/6/27,班课主页,金刚位功能点击,课堂检测,135,3544,3.809255079006772
2025/6/21,班课主页,金刚位功能点击,课堂检测,163,4404,3.701180744777475
2025/6/15,班课主页,金刚位功能点击,课堂检测,57,1438,3.963838664812239
2025/6/14,班课主页,金刚位功能点击,课堂检测,162,3147,5.147759771210677
2025/6/24,班课主页,金刚位功能点击,课堂检测,33,966,3.416149068322981
2025/6/30,班课主页,金刚位功能点击,课堂检测,59,1975,2.987341772151899
2025/6/13,班课主页,金刚位功能点击,课堂检测,121,2357,5.133644463300806
2025/6/12,班课主页,金刚位功能点击,课堂检测,7,156,4.487179487179487
2025/6/3,班课主页,金刚位功能点击,课堂检测,1,13,7.692307692307692
2025/6/11,班课主页,金刚位功能点击,课堂检测,10,149,6.711409395973154
2025/6/10,班课主页,金刚位功能点击,课堂检测,6,136,4.411764705882353
2025/6/20,班课主页,金刚位功能点击,课堂检测,117,3565,3.281907433380084
2025/5/20,班课主页,金刚位功能点击,课堂检测,1,3,33.333333333333333
2025/6/9,班课主页,金刚位功能点击,课堂检测,8,175,4.571428571428571
2025/6/28,班课主页,金刚位功能点击,课堂检测,136,2500,5.440000000000000
2025/5/21,班课主页,金刚位功能点击,课堂检测,4,15,26.666666666666667
2025/6/8,班课主页,金刚位功能点击,课堂检测,22,439,5.011389521640091
2025/6/23,班课主页,金刚位功能点击,课堂检测,87,1778,4.893138357705287
2025/6/4,班课主页,金刚位功能点击,课堂检测,8,74,10.810810810810811
2025/6/22,班课主页,金刚位功能点击,课堂检测,66,1861,3.546480386888769
2025/6/11,班课主页,金刚位功能点击,课程资料,6,149,4.026845637583893
2025/6/25,班课主页,金刚位功能点击,课程资料,21,930,2.258064516129032
2025/6/24,班课主页,金刚位功能点击,课程资料,21,966,2.173913043478261
2025/6/23,班课主页,金刚位功能点击,课程资料,83,1778,4.668166479190101
2025/6/22,班课主页,金刚位功能点击,课程资料,84,1861,4.513702310585707
2025/6/28,班课主页,金刚位功能点击,课程资料,102,2500,4.080000000000000
2025/6/21,班课主页,金刚位功能点击,课程资料,143,4404,3.247048138056312
2025/7/2,班课主页,金刚位功能点击,课程资料,29,710,4.084507042253521
2025/6/20,班课主页,金刚位功能点击,课程资料,75,3565,2.103786816269285
2025/6/19,班课主页,金刚位功能点击,课程资料,44,1276,3.448275862068966
2025/6/18,班课主页,金刚位功能点击,课程资料,29,677,4.283604135893648
2025/6/29,班课主页,金刚位功能点击,课程资料,67,1208,5.546357615894040
2025/6/17,班课主页,金刚位功能点击,课程资料,25,589,4.244482173174873
2025/6/16,班课主页,金刚位功能点击,课程资料,35,870,4.022988505747126
2025/6/4,班课主页,金刚位功能点击,课程资料,4,74,5.405405405405405
2025/6/15,班课主页,金刚位功能点击,课程资料,50,1438,3.477051460361613
2025/6/14,班课主页,金刚位功能点击,课程资料,130,3147,4.130918334922148
2025/6/13,班课主页,金刚位功能点击,课程资料,92,2357,3.903266864658464
2025/6/12,班课主页,金刚位功能点击,课程资料,5,156,3.205128205128205
2025/6/10,班课主页,金刚位功能点击,课程资料,4,136,2.941176470588235
2025/6/30,班课主页,金刚位功能点击,课程资料,43,1975,2.177215189873418
2025/6/9,班课主页,金刚位功能点击,课程资料,5,175,2.857142857142857
2025/6/8,班课主页,金刚位功能点击,课程资料,26,439,5.922551252847380
2025/7/1,班课主页,金刚位功能点击,课程资料,36,839,4.290822407628129
2025/5/21,班课主页,金刚位功能点击,课程资料,4,15,26.666666666666667
2025/5/22,班课主页,金刚位功能点击,课程资料,2,8,25.000000000000000
2025/5/26,班课主页,金刚位功能点击,课程资料,2,15,13.333333333333333
2025/6/7,班课主页,金刚位功能点击,课程资料,40,826,4.842615012106538
2025/5/29,班课主页,金刚位功能点击,课程资料,1,10,10.000000000000000
2025/6/6,班课主页,金刚位功能点击,课程资料,33,574,5.749128919860627
2025/5/30,班课主页,金刚位功能点击,课程资料,3,91,3.296703296703297
2025/5/31,班课主页,金刚位功能点击,课程资料,6,87,6.896551724137931
2025/6/1,班课主页,金刚位功能点击,课程资料,3,69,4.347826086956522
2025/6/5,班课主页,金刚位功能点击,课程资料,4,73,5.479452054794521
2025/6/2,班课主页,金刚位功能点击,课程资料,2,36,5.555555555555556
2025/6/26,班课主页,金刚位功能点击,课程资料,32,1304,2.453987730061350
2025/6/27,班课主页,金刚位功能点击,课程资料,115,3544,3.244920993227991
